"year","state_fips","acs_median_rent_estimate","acs_median_rent_percent_household_income_estimate","acs_median_rent_moe","acs_median_rent_percent_household_income_moe"
1950,"02",NA,NA,NA,NA
1950,"01",NA,NA,NA,NA
1950,"05",NA,NA,NA,NA
1950,"04",NA,NA,NA,NA
1950,"06",NA,NA,NA,NA
1950,"08",NA,NA,NA,NA
1950,"09",NA,NA,NA,NA
1950,"11",NA,NA,NA,NA
1950,"10",NA,NA,NA,NA
1950,"12",NA,NA,NA,NA
1950,"13",NA,NA,NA,NA
1950,"15",NA,NA,NA,NA
1950,"19",NA,NA,NA,NA
1950,"16",NA,NA,NA,NA
1950,"17",NA,NA,NA,NA
1950,"18",NA,NA,NA,NA
1950,"20",NA,NA,NA,NA
1950,"21",NA,NA,NA,NA
1950,"22",NA,NA,NA,NA
1950,"25",NA,NA,NA,NA
1950,"24",NA,NA,NA,NA
1950,"23",NA,NA,NA,NA
1950,"26",NA,NA,NA,NA
1950,"27",NA,NA,NA,NA
1950,"29",NA,NA,NA,NA
1950,"28",NA,NA,NA,NA
1950,"30",NA,NA,NA,NA
1950,"37",NA,NA,NA,NA
1950,"38",NA,NA,NA,NA
1950,"31",NA,NA,NA,NA
1950,"33",NA,NA,NA,NA
1950,"34",NA,NA,NA,NA
1950,"35",NA,NA,NA,NA
1950,"32",NA,NA,NA,NA
1950,"36",NA,NA,NA,NA
1950,"39",NA,NA,NA,NA
1950,"40",NA,NA,NA,NA
1950,"41",NA,NA,NA,NA
1950,"42",NA,NA,NA,NA
1950,"44",NA,NA,NA,NA
1950,"45",NA,NA,NA,NA
1950,"46",NA,NA,NA,NA
1950,"47",NA,NA,NA,NA
1950,"48",NA,NA,NA,NA
1950,"49",NA,NA,NA,NA
1950,"51",NA,NA,NA,NA
1950,"50",NA,NA,NA,NA
1950,"53",NA,NA,NA,NA
1950,"55",NA,NA,NA,NA
1950,"54",NA,NA,NA,NA
1950,"56",NA,NA,NA,NA
1955,"02",NA,NA,NA,NA
1955,"01",NA,NA,NA,NA
1955,"05",NA,NA,NA,NA
1955,"04",NA,NA,NA,NA
1955,"06",NA,NA,NA,NA
1955,"08",NA,NA,NA,NA
1955,"09",NA,NA,NA,NA
1955,"11",NA,NA,NA,NA
1955,"10",NA,NA,NA,NA
1955,"12",NA,NA,NA,NA
1955,"13",NA,NA,NA,NA
1955,"15",NA,NA,NA,NA
1955,"19",NA,NA,NA,NA
1955,"16",NA,NA,NA,NA
1955,"17",NA,NA,NA,NA
1955,"18",NA,NA,NA,NA
1955,"20",NA,NA,NA,NA
1955,"21",NA,NA,NA,NA
1955,"22",NA,NA,NA,NA
1955,"25",NA,NA,NA,NA
1955,"24",NA,NA,NA,NA
1955,"23",NA,NA,NA,NA
1955,"26",NA,NA,NA,NA
1955,"27",NA,NA,NA,NA
1955,"29",NA,NA,NA,NA
1955,"28",NA,NA,NA,NA
1955,"30",NA,NA,NA,NA
1955,"37",NA,NA,NA,NA
1955,"38",NA,NA,NA,NA
1955,"31",NA,NA,NA,NA
1955,"33",NA,NA,NA,NA
1955,"34",NA,NA,NA,NA
1955,"35",NA,NA,NA,NA
1955,"32",NA,NA,NA,NA
1955,"36",NA,NA,NA,NA
1955,"39",NA,NA,NA,NA
1955,"40",NA,NA,NA,NA
1955,"41",NA,NA,NA,NA
1955,"42",NA,NA,NA,NA
1955,"44",NA,NA,NA,NA
1955,"45",NA,NA,NA,NA
1955,"46",NA,NA,NA,NA
1955,"47",NA,NA,NA,NA
1955,"48",NA,NA,NA,NA
1955,"49",NA,NA,NA,NA
1955,"51",NA,NA,NA,NA
1955,"50",NA,NA,NA,NA
1955,"53",NA,NA,NA,NA
1955,"55",NA,NA,NA,NA
1955,"54",NA,NA,NA,NA
1955,"56",NA,NA,NA,NA
1960,"02",NA,NA,NA,NA
1960,"01",NA,NA,NA,NA
1960,"05",NA,NA,NA,NA
1960,"04",NA,NA,NA,NA
1960,"06",NA,NA,NA,NA
1960,"08",NA,NA,NA,NA
1960,"09",NA,NA,NA,NA
1960,"11",NA,NA,NA,NA
1960,"10",NA,NA,NA,NA
1960,"12",NA,NA,NA,NA
1960,"13",NA,NA,NA,NA
1960,"15",NA,NA,NA,NA
1960,"19",NA,NA,NA,NA
1960,"16",NA,NA,NA,NA
1960,"17",NA,NA,NA,NA
1960,"18",NA,NA,NA,NA
1960,"20",NA,NA,NA,NA
1960,"21",NA,NA,NA,NA
1960,"22",NA,NA,NA,NA
1960,"25",NA,NA,NA,NA
1960,"24",NA,NA,NA,NA
1960,"23",NA,NA,NA,NA
1960,"26",NA,NA,NA,NA
1960,"27",NA,NA,NA,NA
1960,"29",NA,NA,NA,NA
1960,"28",NA,NA,NA,NA
1960,"30",NA,NA,NA,NA
1960,"37",NA,NA,NA,NA
1960,"38",NA,NA,NA,NA
1960,"31",NA,NA,NA,NA
1960,"33",NA,NA,NA,NA
1960,"34",NA,NA,NA,NA
1960,"35",NA,NA,NA,NA
1960,"32",NA,NA,NA,NA
1960,"36",NA,NA,NA,NA
1960,"39",NA,NA,NA,NA
1960,"40",NA,NA,NA,NA
1960,"41",NA,NA,NA,NA
1960,"42",NA,NA,NA,NA
1960,"44",NA,NA,NA,NA
1960,"45",NA,NA,NA,NA
1960,"46",NA,NA,NA,NA
1960,"47",NA,NA,NA,NA
1960,"48",NA,NA,NA,NA
1960,"49",NA,NA,NA,NA
1960,"51",NA,NA,NA,NA
1960,"50",NA,NA,NA,NA
1960,"53",NA,NA,NA,NA
1960,"55",NA,NA,NA,NA
1960,"54",NA,NA,NA,NA
1960,"56",NA,NA,NA,NA
1961,"02",NA,NA,NA,NA
1961,"01",NA,NA,NA,NA
1961,"05",NA,NA,NA,NA
1961,"04",NA,NA,NA,NA
1961,"06",NA,NA,NA,NA
1961,"08",NA,NA,NA,NA
1961,"09",NA,NA,NA,NA
1961,"11",NA,NA,NA,NA
1961,"10",NA,NA,NA,NA
1961,"12",NA,NA,NA,NA
1961,"13",NA,NA,NA,NA
1961,"15",NA,NA,NA,NA
1961,"19",NA,NA,NA,NA
1961,"16",NA,NA,NA,NA
1961,"17",NA,NA,NA,NA
1961,"18",NA,NA,NA,NA
1961,"20",NA,NA,NA,NA
1961,"21",NA,NA,NA,NA
1961,"22",NA,NA,NA,NA
1961,"25",NA,NA,NA,NA
1961,"24",NA,NA,NA,NA
1961,"23",NA,NA,NA,NA
1961,"26",NA,NA,NA,NA
1961,"27",NA,NA,NA,NA
1961,"29",NA,NA,NA,NA
1961,"28",NA,NA,NA,NA
1961,"30",NA,NA,NA,NA
1961,"37",NA,NA,NA,NA
1961,"38",NA,NA,NA,NA
1961,"31",NA,NA,NA,NA
1961,"33",NA,NA,NA,NA
1961,"34",NA,NA,NA,NA
1961,"35",NA,NA,NA,NA
1961,"32",NA,NA,NA,NA
1961,"36",NA,NA,NA,NA
1961,"39",NA,NA,NA,NA
1961,"40",NA,NA,NA,NA
1961,"41",NA,NA,NA,NA
1961,"42",NA,NA,NA,NA
1961,"44",NA,NA,NA,NA
1961,"45",NA,NA,NA,NA
1961,"46",NA,NA,NA,NA
1961,"47",NA,NA,NA,NA
1961,"48",NA,NA,NA,NA
1961,"49",NA,NA,NA,NA
1961,"51",NA,NA,NA,NA
1961,"50",NA,NA,NA,NA
1961,"53",NA,NA,NA,NA
1961,"55",NA,NA,NA,NA
1961,"54",NA,NA,NA,NA
1961,"56",NA,NA,NA,NA
1962,"02",NA,NA,NA,NA
1962,"01",NA,NA,NA,NA
1962,"05",NA,NA,NA,NA
1962,"04",NA,NA,NA,NA
1962,"06",NA,NA,NA,NA
1962,"08",NA,NA,NA,NA
1962,"09",NA,NA,NA,NA
1962,"11",NA,NA,NA,NA
1962,"10",NA,NA,NA,NA
1962,"12",NA,NA,NA,NA
1962,"13",NA,NA,NA,NA
1962,"15",NA,NA,NA,NA
1962,"19",NA,NA,NA,NA
1962,"16",NA,NA,NA,NA
1962,"17",NA,NA,NA,NA
1962,"18",NA,NA,NA,NA
1962,"20",NA,NA,NA,NA
1962,"21",NA,NA,NA,NA
1962,"22",NA,NA,NA,NA
1962,"25",NA,NA,NA,NA
1962,"24",NA,NA,NA,NA
1962,"23",NA,NA,NA,NA
1962,"26",NA,NA,NA,NA
1962,"27",NA,NA,NA,NA
1962,"29",NA,NA,NA,NA
1962,"28",NA,NA,NA,NA
1962,"30",NA,NA,NA,NA
1962,"37",NA,NA,NA,NA
1962,"38",NA,NA,NA,NA
1962,"31",NA,NA,NA,NA
1962,"33",NA,NA,NA,NA
1962,"34",NA,NA,NA,NA
1962,"35",NA,NA,NA,NA
1962,"32",NA,NA,NA,NA
1962,"36",NA,NA,NA,NA
1962,"39",NA,NA,NA,NA
1962,"40",NA,NA,NA,NA
1962,"41",NA,NA,NA,NA
1962,"42",NA,NA,NA,NA
1962,"44",NA,NA,NA,NA
1962,"45",NA,NA,NA,NA
1962,"46",NA,NA,NA,NA
1962,"47",NA,NA,NA,NA
1962,"48",NA,NA,NA,NA
1962,"49",NA,NA,NA,NA
1962,"51",NA,NA,NA,NA
1962,"50",NA,NA,NA,NA
1962,"53",NA,NA,NA,NA
1962,"55",NA,NA,NA,NA
1962,"54",NA,NA,NA,NA
1962,"56",NA,NA,NA,NA
1963,"02",NA,NA,NA,NA
1963,"01",NA,NA,NA,NA
1963,"05",NA,NA,NA,NA
1963,"04",NA,NA,NA,NA
1963,"06",NA,NA,NA,NA
1963,"08",NA,NA,NA,NA
1963,"09",NA,NA,NA,NA
1963,"11",NA,NA,NA,NA
1963,"10",NA,NA,NA,NA
1963,"12",NA,NA,NA,NA
1963,"13",NA,NA,NA,NA
1963,"15",NA,NA,NA,NA
1963,"19",NA,NA,NA,NA
1963,"16",NA,NA,NA,NA
1963,"17",NA,NA,NA,NA
1963,"18",NA,NA,NA,NA
1963,"20",NA,NA,NA,NA
1963,"21",NA,NA,NA,NA
1963,"22",NA,NA,NA,NA
1963,"25",NA,NA,NA,NA
1963,"24",NA,NA,NA,NA
1963,"23",NA,NA,NA,NA
1963,"26",NA,NA,NA,NA
1963,"27",NA,NA,NA,NA
1963,"29",NA,NA,NA,NA
1963,"28",NA,NA,NA,NA
1963,"30",NA,NA,NA,NA
1963,"37",NA,NA,NA,NA
1963,"38",NA,NA,NA,NA
1963,"31",NA,NA,NA,NA
1963,"33",NA,NA,NA,NA
1963,"34",NA,NA,NA,NA
1963,"35",NA,NA,NA,NA
1963,"32",NA,NA,NA,NA
1963,"36",NA,NA,NA,NA
1963,"39",NA,NA,NA,NA
1963,"40",NA,NA,NA,NA
1963,"41",NA,NA,NA,NA
1963,"42",NA,NA,NA,NA
1963,"44",NA,NA,NA,NA
1963,"45",NA,NA,NA,NA
1963,"46",NA,NA,NA,NA
1963,"47",NA,NA,NA,NA
1963,"48",NA,NA,NA,NA
1963,"49",NA,NA,NA,NA
1963,"51",NA,NA,NA,NA
1963,"50",NA,NA,NA,NA
1963,"53",NA,NA,NA,NA
1963,"55",NA,NA,NA,NA
1963,"54",NA,NA,NA,NA
1963,"56",NA,NA,NA,NA
1964,"02",NA,NA,NA,NA
1964,"01",NA,NA,NA,NA
1964,"05",NA,NA,NA,NA
1964,"04",NA,NA,NA,NA
1964,"06",NA,NA,NA,NA
1964,"08",NA,NA,NA,NA
1964,"09",NA,NA,NA,NA
1964,"11",NA,NA,NA,NA
1964,"10",NA,NA,NA,NA
1964,"12",NA,NA,NA,NA
1964,"13",NA,NA,NA,NA
1964,"15",NA,NA,NA,NA
1964,"19",NA,NA,NA,NA
1964,"16",NA,NA,NA,NA
1964,"17",NA,NA,NA,NA
1964,"18",NA,NA,NA,NA
1964,"20",NA,NA,NA,NA
1964,"21",NA,NA,NA,NA
1964,"22",NA,NA,NA,NA
1964,"25",NA,NA,NA,NA
1964,"24",NA,NA,NA,NA
1964,"23",NA,NA,NA,NA
1964,"26",NA,NA,NA,NA
1964,"27",NA,NA,NA,NA
1964,"29",NA,NA,NA,NA
1964,"28",NA,NA,NA,NA
1964,"30",NA,NA,NA,NA
1964,"37",NA,NA,NA,NA
1964,"38",NA,NA,NA,NA
1964,"31",NA,NA,NA,NA
1964,"33",NA,NA,NA,NA
1964,"34",NA,NA,NA,NA
1964,"35",NA,NA,NA,NA
1964,"32",NA,NA,NA,NA
1964,"36",NA,NA,NA,NA
1964,"39",NA,NA,NA,NA
1964,"40",NA,NA,NA,NA
1964,"41",NA,NA,NA,NA
1964,"42",NA,NA,NA,NA
1964,"44",NA,NA,NA,NA
1964,"45",NA,NA,NA,NA
1964,"46",NA,NA,NA,NA
1964,"47",NA,NA,NA,NA
1964,"48",NA,NA,NA,NA
1964,"49",NA,NA,NA,NA
1964,"51",NA,NA,NA,NA
1964,"50",NA,NA,NA,NA
1964,"53",NA,NA,NA,NA
1964,"55",NA,NA,NA,NA
1964,"54",NA,NA,NA,NA
1964,"56",NA,NA,NA,NA
1965,"02",NA,NA,NA,NA
1965,"01",NA,NA,NA,NA
1965,"05",NA,NA,NA,NA
1965,"04",NA,NA,NA,NA
1965,"06",NA,NA,NA,NA
1965,"08",NA,NA,NA,NA
1965,"09",NA,NA,NA,NA
1965,"11",NA,NA,NA,NA
1965,"10",NA,NA,NA,NA
1965,"12",NA,NA,NA,NA
1965,"13",NA,NA,NA,NA
1965,"15",NA,NA,NA,NA
1965,"19",NA,NA,NA,NA
1965,"16",NA,NA,NA,NA
1965,"17",NA,NA,NA,NA
1965,"18",NA,NA,NA,NA
1965,"20",NA,NA,NA,NA
1965,"21",NA,NA,NA,NA
1965,"22",NA,NA,NA,NA
1965,"25",NA,NA,NA,NA
1965,"24",NA,NA,NA,NA
1965,"23",NA,NA,NA,NA
1965,"26",NA,NA,NA,NA
1965,"27",NA,NA,NA,NA
1965,"29",NA,NA,NA,NA
1965,"28",NA,NA,NA,NA
1965,"30",NA,NA,NA,NA
1965,"37",NA,NA,NA,NA
1965,"38",NA,NA,NA,NA
1965,"31",NA,NA,NA,NA
1965,"33",NA,NA,NA,NA
1965,"34",NA,NA,NA,NA
1965,"35",NA,NA,NA,NA
1965,"32",NA,NA,NA,NA
1965,"36",NA,NA,NA,NA
1965,"39",NA,NA,NA,NA
1965,"40",NA,NA,NA,NA
1965,"41",NA,NA,NA,NA
1965,"42",NA,NA,NA,NA
1965,"44",NA,NA,NA,NA
1965,"45",NA,NA,NA,NA
1965,"46",NA,NA,NA,NA
1965,"47",NA,NA,NA,NA
1965,"48",NA,NA,NA,NA
1965,"49",NA,NA,NA,NA
1965,"51",NA,NA,NA,NA
1965,"50",NA,NA,NA,NA
1965,"53",NA,NA,NA,NA
1965,"55",NA,NA,NA,NA
1965,"54",NA,NA,NA,NA
1965,"56",NA,NA,NA,NA
1966,"02",NA,NA,NA,NA
1966,"01",NA,NA,NA,NA
1966,"05",NA,NA,NA,NA
1966,"04",NA,NA,NA,NA
1966,"06",NA,NA,NA,NA
1966,"08",NA,NA,NA,NA
1966,"09",NA,NA,NA,NA
1966,"11",NA,NA,NA,NA
1966,"10",NA,NA,NA,NA
1966,"12",NA,NA,NA,NA
1966,"13",NA,NA,NA,NA
1966,"15",NA,NA,NA,NA
1966,"19",NA,NA,NA,NA
1966,"16",NA,NA,NA,NA
1966,"17",NA,NA,NA,NA
1966,"18",NA,NA,NA,NA
1966,"20",NA,NA,NA,NA
1966,"21",NA,NA,NA,NA
1966,"22",NA,NA,NA,NA
1966,"25",NA,NA,NA,NA
1966,"24",NA,NA,NA,NA
1966,"23",NA,NA,NA,NA
1966,"26",NA,NA,NA,NA
1966,"27",NA,NA,NA,NA
1966,"29",NA,NA,NA,NA
1966,"28",NA,NA,NA,NA
1966,"30",NA,NA,NA,NA
1966,"37",NA,NA,NA,NA
1966,"38",NA,NA,NA,NA
1966,"31",NA,NA,NA,NA
1966,"33",NA,NA,NA,NA
1966,"34",NA,NA,NA,NA
1966,"35",NA,NA,NA,NA
1966,"32",NA,NA,NA,NA
1966,"36",NA,NA,NA,NA
1966,"39",NA,NA,NA,NA
1966,"40",NA,NA,NA,NA
1966,"41",NA,NA,NA,NA
1966,"42",NA,NA,NA,NA
1966,"44",NA,NA,NA,NA
1966,"45",NA,NA,NA,NA
1966,"46",NA,NA,NA,NA
1966,"47",NA,NA,NA,NA
1966,"48",NA,NA,NA,NA
1966,"49",NA,NA,NA,NA
1966,"51",NA,NA,NA,NA
1966,"50",NA,NA,NA,NA
1966,"53",NA,NA,NA,NA
1966,"55",NA,NA,NA,NA
1966,"54",NA,NA,NA,NA
1966,"56",NA,NA,NA,NA
1967,"02",NA,NA,NA,NA
1967,"01",NA,NA,NA,NA
1967,"05",NA,NA,NA,NA
1967,"04",NA,NA,NA,NA
1967,"06",NA,NA,NA,NA
1967,"08",NA,NA,NA,NA
1967,"09",NA,NA,NA,NA
1967,"11",NA,NA,NA,NA
1967,"10",NA,NA,NA,NA
1967,"12",NA,NA,NA,NA
1967,"13",NA,NA,NA,NA
1967,"15",NA,NA,NA,NA
1967,"19",NA,NA,NA,NA
1967,"16",NA,NA,NA,NA
1967,"17",NA,NA,NA,NA
1967,"18",NA,NA,NA,NA
1967,"20",NA,NA,NA,NA
1967,"21",NA,NA,NA,NA
1967,"22",NA,NA,NA,NA
1967,"25",NA,NA,NA,NA
1967,"24",NA,NA,NA,NA
1967,"23",NA,NA,NA,NA
1967,"26",NA,NA,NA,NA
1967,"27",NA,NA,NA,NA
1967,"29",NA,NA,NA,NA
1967,"28",NA,NA,NA,NA
1967,"30",NA,NA,NA,NA
1967,"37",NA,NA,NA,NA
1967,"38",NA,NA,NA,NA
1967,"31",NA,NA,NA,NA
1967,"33",NA,NA,NA,NA
1967,"34",NA,NA,NA,NA
1967,"35",NA,NA,NA,NA
1967,"32",NA,NA,NA,NA
1967,"36",NA,NA,NA,NA
1967,"39",NA,NA,NA,NA
1967,"40",NA,NA,NA,NA
1967,"41",NA,NA,NA,NA
1967,"42",NA,NA,NA,NA
1967,"44",NA,NA,NA,NA
1967,"45",NA,NA,NA,NA
1967,"46",NA,NA,NA,NA
1967,"47",NA,NA,NA,NA
1967,"48",NA,NA,NA,NA
1967,"49",NA,NA,NA,NA
1967,"51",NA,NA,NA,NA
1967,"50",NA,NA,NA,NA
1967,"53",NA,NA,NA,NA
1967,"55",NA,NA,NA,NA
1967,"54",NA,NA,NA,NA
1967,"56",NA,NA,NA,NA
1968,"02",NA,NA,NA,NA
1968,"01",NA,NA,NA,NA
1968,"05",NA,NA,NA,NA
1968,"04",NA,NA,NA,NA
1968,"06",NA,NA,NA,NA
1968,"08",NA,NA,NA,NA
1968,"09",NA,NA,NA,NA
1968,"11",NA,NA,NA,NA
1968,"10",NA,NA,NA,NA
1968,"12",NA,NA,NA,NA
1968,"13",NA,NA,NA,NA
1968,"15",NA,NA,NA,NA
1968,"19",NA,NA,NA,NA
1968,"16",NA,NA,NA,NA
1968,"17",NA,NA,NA,NA
1968,"18",NA,NA,NA,NA
1968,"20",NA,NA,NA,NA
1968,"21",NA,NA,NA,NA
1968,"22",NA,NA,NA,NA
1968,"25",NA,NA,NA,NA
1968,"24",NA,NA,NA,NA
1968,"23",NA,NA,NA,NA
1968,"26",NA,NA,NA,NA
1968,"27",NA,NA,NA,NA
1968,"29",NA,NA,NA,NA
1968,"28",NA,NA,NA,NA
1968,"30",NA,NA,NA,NA
1968,"37",NA,NA,NA,NA
1968,"38",NA,NA,NA,NA
1968,"31",NA,NA,NA,NA
1968,"33",NA,NA,NA,NA
1968,"34",NA,NA,NA,NA
1968,"35",NA,NA,NA,NA
1968,"32",NA,NA,NA,NA
1968,"36",NA,NA,NA,NA
1968,"39",NA,NA,NA,NA
1968,"40",NA,NA,NA,NA
1968,"41",NA,NA,NA,NA
1968,"42",NA,NA,NA,NA
1968,"44",NA,NA,NA,NA
1968,"45",NA,NA,NA,NA
1968,"46",NA,NA,NA,NA
1968,"47",NA,NA,NA,NA
1968,"48",NA,NA,NA,NA
1968,"49",NA,NA,NA,NA
1968,"51",NA,NA,NA,NA
1968,"50",NA,NA,NA,NA
1968,"53",NA,NA,NA,NA
1968,"55",NA,NA,NA,NA
1968,"54",NA,NA,NA,NA
1968,"56",NA,NA,NA,NA
1969,"02",NA,NA,NA,NA
1969,"01",NA,NA,NA,NA
1969,"05",NA,NA,NA,NA
1969,"04",NA,NA,NA,NA
1969,"06",NA,NA,NA,NA
1969,"08",NA,NA,NA,NA
1969,"09",NA,NA,NA,NA
1969,"11",NA,NA,NA,NA
1969,"10",NA,NA,NA,NA
1969,"12",NA,NA,NA,NA
1969,"13",NA,NA,NA,NA
1969,"15",NA,NA,NA,NA
1969,"19",NA,NA,NA,NA
1969,"16",NA,NA,NA,NA
1969,"17",NA,NA,NA,NA
1969,"18",NA,NA,NA,NA
1969,"20",NA,NA,NA,NA
1969,"21",NA,NA,NA,NA
1969,"22",NA,NA,NA,NA
1969,"25",NA,NA,NA,NA
1969,"24",NA,NA,NA,NA
1969,"23",NA,NA,NA,NA
1969,"26",NA,NA,NA,NA
1969,"27",NA,NA,NA,NA
1969,"29",NA,NA,NA,NA
1969,"28",NA,NA,NA,NA
1969,"30",NA,NA,NA,NA
1969,"37",NA,NA,NA,NA
1969,"38",NA,NA,NA,NA
1969,"31",NA,NA,NA,NA
1969,"33",NA,NA,NA,NA
1969,"34",NA,NA,NA,NA
1969,"35",NA,NA,NA,NA
1969,"32",NA,NA,NA,NA
1969,"36",NA,NA,NA,NA
1969,"39",NA,NA,NA,NA
1969,"40",NA,NA,NA,NA
1969,"41",NA,NA,NA,NA
1969,"42",NA,NA,NA,NA
1969,"44",NA,NA,NA,NA
1969,"45",NA,NA,NA,NA
1969,"46",NA,NA,NA,NA
1969,"47",NA,NA,NA,NA
1969,"48",NA,NA,NA,NA
1969,"49",NA,NA,NA,NA
1969,"51",NA,NA,NA,NA
1969,"50",NA,NA,NA,NA
1969,"53",NA,NA,NA,NA
1969,"55",NA,NA,NA,NA
1969,"54",NA,NA,NA,NA
1969,"56",NA,NA,NA,NA
1970,"02",NA,NA,NA,NA
1970,"01",NA,NA,NA,NA
1970,"05",NA,NA,NA,NA
1970,"04",NA,NA,NA,NA
1970,"06",NA,NA,NA,NA
1970,"08",NA,NA,NA,NA
1970,"09",NA,NA,NA,NA
1970,"11",NA,NA,NA,NA
1970,"10",NA,NA,NA,NA
1970,"12",NA,NA,NA,NA
1970,"13",NA,NA,NA,NA
1970,"15",NA,NA,NA,NA
1970,"19",NA,NA,NA,NA
1970,"16",NA,NA,NA,NA
1970,"17",NA,NA,NA,NA
1970,"18",NA,NA,NA,NA
1970,"20",NA,NA,NA,NA
1970,"21",NA,NA,NA,NA
1970,"22",NA,NA,NA,NA
1970,"25",NA,NA,NA,NA
1970,"24",NA,NA,NA,NA
1970,"23",NA,NA,NA,NA
1970,"26",NA,NA,NA,NA
1970,"27",NA,NA,NA,NA
1970,"29",NA,NA,NA,NA
1970,"28",NA,NA,NA,NA
1970,"30",NA,NA,NA,NA
1970,"37",NA,NA,NA,NA
1970,"38",NA,NA,NA,NA
1970,"31",NA,NA,NA,NA
1970,"33",NA,NA,NA,NA
1970,"34",NA,NA,NA,NA
1970,"35",NA,NA,NA,NA
1970,"32",NA,NA,NA,NA
1970,"36",NA,NA,NA,NA
1970,"39",NA,NA,NA,NA
1970,"40",NA,NA,NA,NA
1970,"41",NA,NA,NA,NA
1970,"42",NA,NA,NA,NA
1970,"44",NA,NA,NA,NA
1970,"45",NA,NA,NA,NA
1970,"46",NA,NA,NA,NA
1970,"47",NA,NA,NA,NA
1970,"48",NA,NA,NA,NA
1970,"49",NA,NA,NA,NA
1970,"51",NA,NA,NA,NA
1970,"50",NA,NA,NA,NA
1970,"53",NA,NA,NA,NA
1970,"55",NA,NA,NA,NA
1970,"54",NA,NA,NA,NA
1970,"56",NA,NA,NA,NA
1971,"02",NA,NA,NA,NA
1971,"01",NA,NA,NA,NA
1971,"05",NA,NA,NA,NA
1971,"04",NA,NA,NA,NA
1971,"06",NA,NA,NA,NA
1971,"08",NA,NA,NA,NA
1971,"09",NA,NA,NA,NA
1971,"11",NA,NA,NA,NA
1971,"10",NA,NA,NA,NA
1971,"12",NA,NA,NA,NA
1971,"13",NA,NA,NA,NA
1971,"15",NA,NA,NA,NA
1971,"19",NA,NA,NA,NA
1971,"16",NA,NA,NA,NA
1971,"17",NA,NA,NA,NA
1971,"18",NA,NA,NA,NA
1971,"20",NA,NA,NA,NA
1971,"21",NA,NA,NA,NA
1971,"22",NA,NA,NA,NA
1971,"25",NA,NA,NA,NA
1971,"24",NA,NA,NA,NA
1971,"23",NA,NA,NA,NA
1971,"26",NA,NA,NA,NA
1971,"27",NA,NA,NA,NA
1971,"29",NA,NA,NA,NA
1971,"28",NA,NA,NA,NA
1971,"30",NA,NA,NA,NA
1971,"37",NA,NA,NA,NA
1971,"38",NA,NA,NA,NA
1971,"31",NA,NA,NA,NA
1971,"33",NA,NA,NA,NA
1971,"34",NA,NA,NA,NA
1971,"35",NA,NA,NA,NA
1971,"32",NA,NA,NA,NA
1971,"36",NA,NA,NA,NA
1971,"39",NA,NA,NA,NA
1971,"40",NA,NA,NA,NA
1971,"41",NA,NA,NA,NA
1971,"42",NA,NA,NA,NA
1971,"44",NA,NA,NA,NA
1971,"45",NA,NA,NA,NA
1971,"46",NA,NA,NA,NA
1971,"47",NA,NA,NA,NA
1971,"48",NA,NA,NA,NA
1971,"49",NA,NA,NA,NA
1971,"51",NA,NA,NA,NA
1971,"50",NA,NA,NA,NA
1971,"53",NA,NA,NA,NA
1971,"55",NA,NA,NA,NA
1971,"54",NA,NA,NA,NA
1971,"56",NA,NA,NA,NA
1972,"02",NA,NA,NA,NA
1972,"01",NA,NA,NA,NA
1972,"05",NA,NA,NA,NA
1972,"04",NA,NA,NA,NA
1972,"06",NA,NA,NA,NA
1972,"08",NA,NA,NA,NA
1972,"09",NA,NA,NA,NA
1972,"11",NA,NA,NA,NA
1972,"10",NA,NA,NA,NA
1972,"12",NA,NA,NA,NA
1972,"13",NA,NA,NA,NA
1972,"15",NA,NA,NA,NA
1972,"19",NA,NA,NA,NA
1972,"16",NA,NA,NA,NA
1972,"17",NA,NA,NA,NA
1972,"18",NA,NA,NA,NA
1972,"20",NA,NA,NA,NA
1972,"21",NA,NA,NA,NA
1972,"22",NA,NA,NA,NA
1972,"25",NA,NA,NA,NA
1972,"24",NA,NA,NA,NA
1972,"23",NA,NA,NA,NA
1972,"26",NA,NA,NA,NA
1972,"27",NA,NA,NA,NA
1972,"29",NA,NA,NA,NA
1972,"28",NA,NA,NA,NA
1972,"30",NA,NA,NA,NA
1972,"37",NA,NA,NA,NA
1972,"38",NA,NA,NA,NA
1972,"31",NA,NA,NA,NA
1972,"33",NA,NA,NA,NA
1972,"34",NA,NA,NA,NA
1972,"35",NA,NA,NA,NA
1972,"32",NA,NA,NA,NA
1972,"36",NA,NA,NA,NA
1972,"39",NA,NA,NA,NA
1972,"40",NA,NA,NA,NA
1972,"41",NA,NA,NA,NA
1972,"42",NA,NA,NA,NA
1972,"44",NA,NA,NA,NA
1972,"45",NA,NA,NA,NA
1972,"46",NA,NA,NA,NA
1972,"47",NA,NA,NA,NA
1972,"48",NA,NA,NA,NA
1972,"49",NA,NA,NA,NA
1972,"51",NA,NA,NA,NA
1972,"50",NA,NA,NA,NA
1972,"53",NA,NA,NA,NA
1972,"55",NA,NA,NA,NA
1972,"54",NA,NA,NA,NA
1972,"56",NA,NA,NA,NA
1973,"02",NA,NA,NA,NA
1973,"01",NA,NA,NA,NA
1973,"05",NA,NA,NA,NA
1973,"04",NA,NA,NA,NA
1973,"06",NA,NA,NA,NA
1973,"08",NA,NA,NA,NA
1973,"09",NA,NA,NA,NA
1973,"11",NA,NA,NA,NA
1973,"10",NA,NA,NA,NA
1973,"12",NA,NA,NA,NA
1973,"13",NA,NA,NA,NA
1973,"15",NA,NA,NA,NA
1973,"19",NA,NA,NA,NA
1973,"16",NA,NA,NA,NA
1973,"17",NA,NA,NA,NA
1973,"18",NA,NA,NA,NA
1973,"20",NA,NA,NA,NA
1973,"21",NA,NA,NA,NA
1973,"22",NA,NA,NA,NA
1973,"25",NA,NA,NA,NA
1973,"24",NA,NA,NA,NA
1973,"23",NA,NA,NA,NA
1973,"26",NA,NA,NA,NA
1973,"27",NA,NA,NA,NA
1973,"29",NA,NA,NA,NA
1973,"28",NA,NA,NA,NA
1973,"30",NA,NA,NA,NA
1973,"37",NA,NA,NA,NA
1973,"38",NA,NA,NA,NA
1973,"31",NA,NA,NA,NA
1973,"33",NA,NA,NA,NA
1973,"34",NA,NA,NA,NA
1973,"35",NA,NA,NA,NA
1973,"32",NA,NA,NA,NA
1973,"36",NA,NA,NA,NA
1973,"39",NA,NA,NA,NA
1973,"40",NA,NA,NA,NA
1973,"41",NA,NA,NA,NA
1973,"42",NA,NA,NA,NA
1973,"44",NA,NA,NA,NA
1973,"45",NA,NA,NA,NA
1973,"46",NA,NA,NA,NA
1973,"47",NA,NA,NA,NA
1973,"48",NA,NA,NA,NA
1973,"49",NA,NA,NA,NA
1973,"51",NA,NA,NA,NA
1973,"50",NA,NA,NA,NA
1973,"53",NA,NA,NA,NA
1973,"55",NA,NA,NA,NA
1973,"54",NA,NA,NA,NA
1973,"56",NA,NA,NA,NA
1974,"02",NA,NA,NA,NA
1974,"01",NA,NA,NA,NA
1974,"05",NA,NA,NA,NA
1974,"04",NA,NA,NA,NA
1974,"06",NA,NA,NA,NA
1974,"08",NA,NA,NA,NA
1974,"09",NA,NA,NA,NA
1974,"11",NA,NA,NA,NA
1974,"10",NA,NA,NA,NA
1974,"12",NA,NA,NA,NA
1974,"13",NA,NA,NA,NA
1974,"15",NA,NA,NA,NA
1974,"19",NA,NA,NA,NA
1974,"16",NA,NA,NA,NA
1974,"17",NA,NA,NA,NA
1974,"18",NA,NA,NA,NA
1974,"20",NA,NA,NA,NA
1974,"21",NA,NA,NA,NA
1974,"22",NA,NA,NA,NA
1974,"25",NA,NA,NA,NA
1974,"24",NA,NA,NA,NA
1974,"23",NA,NA,NA,NA
1974,"26",NA,NA,NA,NA
1974,"27",NA,NA,NA,NA
1974,"29",NA,NA,NA,NA
1974,"28",NA,NA,NA,NA
1974,"30",NA,NA,NA,NA
1974,"37",NA,NA,NA,NA
1974,"38",NA,NA,NA,NA
1974,"31",NA,NA,NA,NA
1974,"33",NA,NA,NA,NA
1974,"34",NA,NA,NA,NA
1974,"35",NA,NA,NA,NA
1974,"32",NA,NA,NA,NA
1974,"36",NA,NA,NA,NA
1974,"39",NA,NA,NA,NA
1974,"40",NA,NA,NA,NA
1974,"41",NA,NA,NA,NA
1974,"42",NA,NA,NA,NA
1974,"44",NA,NA,NA,NA
1974,"45",NA,NA,NA,NA
1974,"46",NA,NA,NA,NA
1974,"47",NA,NA,NA,NA
1974,"48",NA,NA,NA,NA
1974,"49",NA,NA,NA,NA
1974,"51",NA,NA,NA,NA
1974,"50",NA,NA,NA,NA
1974,"53",NA,NA,NA,NA
1974,"55",NA,NA,NA,NA
1974,"54",NA,NA,NA,NA
1974,"56",NA,NA,NA,NA
1975,"02",NA,NA,NA,NA
1975,"01",NA,NA,NA,NA
1975,"05",NA,NA,NA,NA
1975,"04",NA,NA,NA,NA
1975,"06",NA,NA,NA,NA
1975,"08",NA,NA,NA,NA
1975,"09",NA,NA,NA,NA
1975,"11",NA,NA,NA,NA
1975,"10",NA,NA,NA,NA
1975,"12",NA,NA,NA,NA
1975,"13",NA,NA,NA,NA
1975,"15",NA,NA,NA,NA
1975,"19",NA,NA,NA,NA
1975,"16",NA,NA,NA,NA
1975,"17",NA,NA,NA,NA
1975,"18",NA,NA,NA,NA
1975,"20",NA,NA,NA,NA
1975,"21",NA,NA,NA,NA
1975,"22",NA,NA,NA,NA
1975,"25",NA,NA,NA,NA
1975,"24",NA,NA,NA,NA
1975,"23",NA,NA,NA,NA
1975,"26",NA,NA,NA,NA
1975,"27",NA,NA,NA,NA
1975,"29",NA,NA,NA,NA
1975,"28",NA,NA,NA,NA
1975,"30",NA,NA,NA,NA
1975,"37",NA,NA,NA,NA
1975,"38",NA,NA,NA,NA
1975,"31",NA,NA,NA,NA
1975,"33",NA,NA,NA,NA
1975,"34",NA,NA,NA,NA
1975,"35",NA,NA,NA,NA
1975,"32",NA,NA,NA,NA
1975,"36",NA,NA,NA,NA
1975,"39",NA,NA,NA,NA
1975,"40",NA,NA,NA,NA
1975,"41",NA,NA,NA,NA
1975,"42",NA,NA,NA,NA
1975,"44",NA,NA,NA,NA
1975,"45",NA,NA,NA,NA
1975,"46",NA,NA,NA,NA
1975,"47",NA,NA,NA,NA
1975,"48",NA,NA,NA,NA
1975,"49",NA,NA,NA,NA
1975,"51",NA,NA,NA,NA
1975,"50",NA,NA,NA,NA
1975,"53",NA,NA,NA,NA
1975,"55",NA,NA,NA,NA
1975,"54",NA,NA,NA,NA
1975,"56",NA,NA,NA,NA
1976,"02",NA,NA,NA,NA
1976,"01",NA,NA,NA,NA
1976,"05",NA,NA,NA,NA
1976,"04",NA,NA,NA,NA
1976,"06",NA,NA,NA,NA
1976,"08",NA,NA,NA,NA
1976,"09",NA,NA,NA,NA
1976,"11",NA,NA,NA,NA
1976,"10",NA,NA,NA,NA
1976,"12",NA,NA,NA,NA
1976,"13",NA,NA,NA,NA
1976,"15",NA,NA,NA,NA
1976,"19",NA,NA,NA,NA
1976,"16",NA,NA,NA,NA
1976,"17",NA,NA,NA,NA
1976,"18",NA,NA,NA,NA
1976,"20",NA,NA,NA,NA
1976,"21",NA,NA,NA,NA
1976,"22",NA,NA,NA,NA
1976,"25",NA,NA,NA,NA
1976,"24",NA,NA,NA,NA
1976,"23",NA,NA,NA,NA
1976,"26",NA,NA,NA,NA
1976,"27",NA,NA,NA,NA
1976,"29",NA,NA,NA,NA
1976,"28",NA,NA,NA,NA
1976,"30",NA,NA,NA,NA
1976,"37",NA,NA,NA,NA
1976,"38",NA,NA,NA,NA
1976,"31",NA,NA,NA,NA
1976,"33",NA,NA,NA,NA
1976,"34",NA,NA,NA,NA
1976,"35",NA,NA,NA,NA
1976,"32",NA,NA,NA,NA
1976,"36",NA,NA,NA,NA
1976,"39",NA,NA,NA,NA
1976,"40",NA,NA,NA,NA
1976,"41",NA,NA,NA,NA
1976,"42",NA,NA,NA,NA
1976,"44",NA,NA,NA,NA
1976,"45",NA,NA,NA,NA
1976,"46",NA,NA,NA,NA
1976,"47",NA,NA,NA,NA
1976,"48",NA,NA,NA,NA
1976,"49",NA,NA,NA,NA
1976,"51",NA,NA,NA,NA
1976,"50",NA,NA,NA,NA
1976,"53",NA,NA,NA,NA
1976,"55",NA,NA,NA,NA
1976,"54",NA,NA,NA,NA
1976,"56",NA,NA,NA,NA
1977,"02",NA,NA,NA,NA
1977,"01",NA,NA,NA,NA
1977,"05",NA,NA,NA,NA
1977,"04",NA,NA,NA,NA
1977,"06",NA,NA,NA,NA
1977,"08",NA,NA,NA,NA
1977,"09",NA,NA,NA,NA
1977,"11",NA,NA,NA,NA
1977,"10",NA,NA,NA,NA
1977,"12",NA,NA,NA,NA
1977,"13",NA,NA,NA,NA
1977,"15",NA,NA,NA,NA
1977,"19",NA,NA,NA,NA
1977,"16",NA,NA,NA,NA
1977,"17",NA,NA,NA,NA
1977,"18",NA,NA,NA,NA
1977,"20",NA,NA,NA,NA
1977,"21",NA,NA,NA,NA
1977,"22",NA,NA,NA,NA
1977,"25",NA,NA,NA,NA
1977,"24",NA,NA,NA,NA
1977,"23",NA,NA,NA,NA
1977,"26",NA,NA,NA,NA
1977,"27",NA,NA,NA,NA
1977,"29",NA,NA,NA,NA
1977,"28",NA,NA,NA,NA
1977,"30",NA,NA,NA,NA
1977,"37",NA,NA,NA,NA
1977,"38",NA,NA,NA,NA
1977,"31",NA,NA,NA,NA
1977,"33",NA,NA,NA,NA
1977,"34",NA,NA,NA,NA
1977,"35",NA,NA,NA,NA
1977,"32",NA,NA,NA,NA
1977,"36",NA,NA,NA,NA
1977,"39",NA,NA,NA,NA
1977,"40",NA,NA,NA,NA
1977,"41",NA,NA,NA,NA
1977,"42",NA,NA,NA,NA
1977,"44",NA,NA,NA,NA
1977,"45",NA,NA,NA,NA
1977,"46",NA,NA,NA,NA
1977,"47",NA,NA,NA,NA
1977,"48",NA,NA,NA,NA
1977,"49",NA,NA,NA,NA
1977,"51",NA,NA,NA,NA
1977,"50",NA,NA,NA,NA
1977,"53",NA,NA,NA,NA
1977,"55",NA,NA,NA,NA
1977,"54",NA,NA,NA,NA
1977,"56",NA,NA,NA,NA
1978,"02",NA,NA,NA,NA
1978,"01",NA,NA,NA,NA
1978,"05",NA,NA,NA,NA
1978,"04",NA,NA,NA,NA
1978,"06",NA,NA,NA,NA
1978,"08",NA,NA,NA,NA
1978,"09",NA,NA,NA,NA
1978,"11",NA,NA,NA,NA
1978,"10",NA,NA,NA,NA
1978,"12",NA,NA,NA,NA
1978,"13",NA,NA,NA,NA
1978,"15",NA,NA,NA,NA
1978,"19",NA,NA,NA,NA
1978,"16",NA,NA,NA,NA
1978,"17",NA,NA,NA,NA
1978,"18",NA,NA,NA,NA
1978,"20",NA,NA,NA,NA
1978,"21",NA,NA,NA,NA
1978,"22",NA,NA,NA,NA
1978,"25",NA,NA,NA,NA
1978,"24",NA,NA,NA,NA
1978,"23",NA,NA,NA,NA
1978,"26",NA,NA,NA,NA
1978,"27",NA,NA,NA,NA
1978,"29",NA,NA,NA,NA
1978,"28",NA,NA,NA,NA
1978,"30",NA,NA,NA,NA
1978,"37",NA,NA,NA,NA
1978,"38",NA,NA,NA,NA
1978,"31",NA,NA,NA,NA
1978,"33",NA,NA,NA,NA
1978,"34",NA,NA,NA,NA
1978,"35",NA,NA,NA,NA
1978,"32",NA,NA,NA,NA
1978,"36",NA,NA,NA,NA
1978,"39",NA,NA,NA,NA
1978,"40",NA,NA,NA,NA
1978,"41",NA,NA,NA,NA
1978,"42",NA,NA,NA,NA
1978,"44",NA,NA,NA,NA
1978,"45",NA,NA,NA,NA
1978,"46",NA,NA,NA,NA
1978,"47",NA,NA,NA,NA
1978,"48",NA,NA,NA,NA
1978,"49",NA,NA,NA,NA
1978,"51",NA,NA,NA,NA
1978,"50",NA,NA,NA,NA
1978,"53",NA,NA,NA,NA
1978,"55",NA,NA,NA,NA
1978,"54",NA,NA,NA,NA
1978,"56",NA,NA,NA,NA
1979,"02",NA,NA,NA,NA
1979,"01",NA,NA,NA,NA
1979,"05",NA,NA,NA,NA
1979,"04",NA,NA,NA,NA
1979,"06",NA,NA,NA,NA
1979,"08",NA,NA,NA,NA
1979,"09",NA,NA,NA,NA
1979,"11",NA,NA,NA,NA
1979,"10",NA,NA,NA,NA
1979,"12",NA,NA,NA,NA
1979,"13",NA,NA,NA,NA
1979,"15",NA,NA,NA,NA
1979,"19",NA,NA,NA,NA
1979,"16",NA,NA,NA,NA
1979,"17",NA,NA,NA,NA
1979,"18",NA,NA,NA,NA
1979,"20",NA,NA,NA,NA
1979,"21",NA,NA,NA,NA
1979,"22",NA,NA,NA,NA
1979,"25",NA,NA,NA,NA
1979,"24",NA,NA,NA,NA
1979,"23",NA,NA,NA,NA
1979,"26",NA,NA,NA,NA
1979,"27",NA,NA,NA,NA
1979,"29",NA,NA,NA,NA
1979,"28",NA,NA,NA,NA
1979,"30",NA,NA,NA,NA
1979,"37",NA,NA,NA,NA
1979,"38",NA,NA,NA,NA
1979,"31",NA,NA,NA,NA
1979,"33",NA,NA,NA,NA
1979,"34",NA,NA,NA,NA
1979,"35",NA,NA,NA,NA
1979,"32",NA,NA,NA,NA
1979,"36",NA,NA,NA,NA
1979,"39",NA,NA,NA,NA
1979,"40",NA,NA,NA,NA
1979,"41",NA,NA,NA,NA
1979,"42",NA,NA,NA,NA
1979,"44",NA,NA,NA,NA
1979,"45",NA,NA,NA,NA
1979,"46",NA,NA,NA,NA
1979,"47",NA,NA,NA,NA
1979,"48",NA,NA,NA,NA
1979,"49",NA,NA,NA,NA
1979,"51",NA,NA,NA,NA
1979,"50",NA,NA,NA,NA
1979,"53",NA,NA,NA,NA
1979,"55",NA,NA,NA,NA
1979,"54",NA,NA,NA,NA
1979,"56",NA,NA,NA,NA
1980,"02",NA,NA,NA,NA
1980,"01",NA,NA,NA,NA
1980,"05",NA,NA,NA,NA
1980,"04",NA,NA,NA,NA
1980,"06",NA,NA,NA,NA
1980,"08",NA,NA,NA,NA
1980,"09",NA,NA,NA,NA
1980,"11",NA,NA,NA,NA
1980,"10",NA,NA,NA,NA
1980,"12",NA,NA,NA,NA
1980,"13",NA,NA,NA,NA
1980,"15",NA,NA,NA,NA
1980,"19",NA,NA,NA,NA
1980,"16",NA,NA,NA,NA
1980,"17",NA,NA,NA,NA
1980,"18",NA,NA,NA,NA
1980,"20",NA,NA,NA,NA
1980,"21",NA,NA,NA,NA
1980,"22",NA,NA,NA,NA
1980,"25",NA,NA,NA,NA
1980,"24",NA,NA,NA,NA
1980,"23",NA,NA,NA,NA
1980,"26",NA,NA,NA,NA
1980,"27",NA,NA,NA,NA
1980,"29",NA,NA,NA,NA
1980,"28",NA,NA,NA,NA
1980,"30",NA,NA,NA,NA
1980,"37",NA,NA,NA,NA
1980,"38",NA,NA,NA,NA
1980,"31",NA,NA,NA,NA
1980,"33",NA,NA,NA,NA
1980,"34",NA,NA,NA,NA
1980,"35",NA,NA,NA,NA
1980,"32",NA,NA,NA,NA
1980,"36",NA,NA,NA,NA
1980,"39",NA,NA,NA,NA
1980,"40",NA,NA,NA,NA
1980,"41",NA,NA,NA,NA
1980,"42",NA,NA,NA,NA
1980,"44",NA,NA,NA,NA
1980,"45",NA,NA,NA,NA
1980,"46",NA,NA,NA,NA
1980,"47",NA,NA,NA,NA
1980,"48",NA,NA,NA,NA
1980,"49",NA,NA,NA,NA
1980,"51",NA,NA,NA,NA
1980,"50",NA,NA,NA,NA
1980,"53",NA,NA,NA,NA
1980,"55",NA,NA,NA,NA
1980,"54",NA,NA,NA,NA
1980,"56",NA,NA,NA,NA
1981,"02",NA,NA,NA,NA
1981,"01",NA,NA,NA,NA
1981,"05",NA,NA,NA,NA
1981,"04",NA,NA,NA,NA
1981,"06",NA,NA,NA,NA
1981,"08",NA,NA,NA,NA
1981,"09",NA,NA,NA,NA
1981,"11",NA,NA,NA,NA
1981,"10",NA,NA,NA,NA
1981,"12",NA,NA,NA,NA
1981,"13",NA,NA,NA,NA
1981,"15",NA,NA,NA,NA
1981,"19",NA,NA,NA,NA
1981,"16",NA,NA,NA,NA
1981,"17",NA,NA,NA,NA
1981,"18",NA,NA,NA,NA
1981,"20",NA,NA,NA,NA
1981,"21",NA,NA,NA,NA
1981,"22",NA,NA,NA,NA
1981,"25",NA,NA,NA,NA
1981,"24",NA,NA,NA,NA
1981,"23",NA,NA,NA,NA
1981,"26",NA,NA,NA,NA
1981,"27",NA,NA,NA,NA
1981,"29",NA,NA,NA,NA
1981,"28",NA,NA,NA,NA
1981,"30",NA,NA,NA,NA
1981,"37",NA,NA,NA,NA
1981,"38",NA,NA,NA,NA
1981,"31",NA,NA,NA,NA
1981,"33",NA,NA,NA,NA
1981,"34",NA,NA,NA,NA
1981,"35",NA,NA,NA,NA
1981,"32",NA,NA,NA,NA
1981,"36",NA,NA,NA,NA
1981,"39",NA,NA,NA,NA
1981,"40",NA,NA,NA,NA
1981,"41",NA,NA,NA,NA
1981,"42",NA,NA,NA,NA
1981,"44",NA,NA,NA,NA
1981,"45",NA,NA,NA,NA
1981,"46",NA,NA,NA,NA
1981,"47",NA,NA,NA,NA
1981,"48",NA,NA,NA,NA
1981,"49",NA,NA,NA,NA
1981,"51",NA,NA,NA,NA
1981,"50",NA,NA,NA,NA
1981,"53",NA,NA,NA,NA
1981,"55",NA,NA,NA,NA
1981,"54",NA,NA,NA,NA
1981,"56",NA,NA,NA,NA
1982,"02",NA,NA,NA,NA
1982,"01",NA,NA,NA,NA
1982,"05",NA,NA,NA,NA
1982,"04",NA,NA,NA,NA
1982,"06",NA,NA,NA,NA
1982,"08",NA,NA,NA,NA
1982,"09",NA,NA,NA,NA
1982,"11",NA,NA,NA,NA
1982,"10",NA,NA,NA,NA
1982,"12",NA,NA,NA,NA
1982,"13",NA,NA,NA,NA
1982,"15",NA,NA,NA,NA
1982,"19",NA,NA,NA,NA
1982,"16",NA,NA,NA,NA
1982,"17",NA,NA,NA,NA
1982,"18",NA,NA,NA,NA
1982,"20",NA,NA,NA,NA
1982,"21",NA,NA,NA,NA
1982,"22",NA,NA,NA,NA
1982,"25",NA,NA,NA,NA
1982,"24",NA,NA,NA,NA
1982,"23",NA,NA,NA,NA
1982,"26",NA,NA,NA,NA
1982,"27",NA,NA,NA,NA
1982,"29",NA,NA,NA,NA
1982,"28",NA,NA,NA,NA
1982,"30",NA,NA,NA,NA
1982,"37",NA,NA,NA,NA
1982,"38",NA,NA,NA,NA
1982,"31",NA,NA,NA,NA
1982,"33",NA,NA,NA,NA
1982,"34",NA,NA,NA,NA
1982,"35",NA,NA,NA,NA
1982,"32",NA,NA,NA,NA
1982,"36",NA,NA,NA,NA
1982,"39",NA,NA,NA,NA
1982,"40",NA,NA,NA,NA
1982,"41",NA,NA,NA,NA
1982,"42",NA,NA,NA,NA
1982,"44",NA,NA,NA,NA
1982,"45",NA,NA,NA,NA
1982,"46",NA,NA,NA,NA
1982,"47",NA,NA,NA,NA
1982,"48",NA,NA,NA,NA
1982,"49",NA,NA,NA,NA
1982,"51",NA,NA,NA,NA
1982,"50",NA,NA,NA,NA
1982,"53",NA,NA,NA,NA
1982,"55",NA,NA,NA,NA
1982,"54",NA,NA,NA,NA
1982,"56",NA,NA,NA,NA
1983,"02",NA,NA,NA,NA
1983,"01",NA,NA,NA,NA
1983,"05",NA,NA,NA,NA
1983,"04",NA,NA,NA,NA
1983,"06",NA,NA,NA,NA
1983,"08",NA,NA,NA,NA
1983,"09",NA,NA,NA,NA
1983,"11",NA,NA,NA,NA
1983,"10",NA,NA,NA,NA
1983,"12",NA,NA,NA,NA
1983,"13",NA,NA,NA,NA
1983,"15",NA,NA,NA,NA
1983,"19",NA,NA,NA,NA
1983,"16",NA,NA,NA,NA
1983,"17",NA,NA,NA,NA
1983,"18",NA,NA,NA,NA
1983,"20",NA,NA,NA,NA
1983,"21",NA,NA,NA,NA
1983,"22",NA,NA,NA,NA
1983,"25",NA,NA,NA,NA
1983,"24",NA,NA,NA,NA
1983,"23",NA,NA,NA,NA
1983,"26",NA,NA,NA,NA
1983,"27",NA,NA,NA,NA
1983,"29",NA,NA,NA,NA
1983,"28",NA,NA,NA,NA
1983,"30",NA,NA,NA,NA
1983,"37",NA,NA,NA,NA
1983,"38",NA,NA,NA,NA
1983,"31",NA,NA,NA,NA
1983,"33",NA,NA,NA,NA
1983,"34",NA,NA,NA,NA
1983,"35",NA,NA,NA,NA
1983,"32",NA,NA,NA,NA
1983,"36",NA,NA,NA,NA
1983,"39",NA,NA,NA,NA
1983,"40",NA,NA,NA,NA
1983,"41",NA,NA,NA,NA
1983,"42",NA,NA,NA,NA
1983,"44",NA,NA,NA,NA
1983,"45",NA,NA,NA,NA
1983,"46",NA,NA,NA,NA
1983,"47",NA,NA,NA,NA
1983,"48",NA,NA,NA,NA
1983,"49",NA,NA,NA,NA
1983,"51",NA,NA,NA,NA
1983,"50",NA,NA,NA,NA
1983,"53",NA,NA,NA,NA
1983,"55",NA,NA,NA,NA
1983,"54",NA,NA,NA,NA
1983,"56",NA,NA,NA,NA
1984,"02",NA,NA,NA,NA
1984,"01",NA,NA,NA,NA
1984,"05",NA,NA,NA,NA
1984,"04",NA,NA,NA,NA
1984,"06",NA,NA,NA,NA
1984,"08",NA,NA,NA,NA
1984,"09",NA,NA,NA,NA
1984,"11",NA,NA,NA,NA
1984,"10",NA,NA,NA,NA
1984,"12",NA,NA,NA,NA
1984,"13",NA,NA,NA,NA
1984,"15",NA,NA,NA,NA
1984,"19",NA,NA,NA,NA
1984,"16",NA,NA,NA,NA
1984,"17",NA,NA,NA,NA
1984,"18",NA,NA,NA,NA
1984,"20",NA,NA,NA,NA
1984,"21",NA,NA,NA,NA
1984,"22",NA,NA,NA,NA
1984,"25",NA,NA,NA,NA
1984,"24",NA,NA,NA,NA
1984,"23",NA,NA,NA,NA
1984,"26",NA,NA,NA,NA
1984,"27",NA,NA,NA,NA
1984,"29",NA,NA,NA,NA
1984,"28",NA,NA,NA,NA
1984,"30",NA,NA,NA,NA
1984,"37",NA,NA,NA,NA
1984,"38",NA,NA,NA,NA
1984,"31",NA,NA,NA,NA
1984,"33",NA,NA,NA,NA
1984,"34",NA,NA,NA,NA
1984,"35",NA,NA,NA,NA
1984,"32",NA,NA,NA,NA
1984,"36",NA,NA,NA,NA
1984,"39",NA,NA,NA,NA
1984,"40",NA,NA,NA,NA
1984,"41",NA,NA,NA,NA
1984,"42",NA,NA,NA,NA
1984,"44",NA,NA,NA,NA
1984,"45",NA,NA,NA,NA
1984,"46",NA,NA,NA,NA
1984,"47",NA,NA,NA,NA
1984,"48",NA,NA,NA,NA
1984,"49",NA,NA,NA,NA
1984,"51",NA,NA,NA,NA
1984,"50",NA,NA,NA,NA
1984,"53",NA,NA,NA,NA
1984,"55",NA,NA,NA,NA
1984,"54",NA,NA,NA,NA
1984,"56",NA,NA,NA,NA
1985,"02",NA,NA,NA,NA
1985,"01",NA,NA,NA,NA
1985,"05",NA,NA,NA,NA
1985,"04",NA,NA,NA,NA
1985,"06",NA,NA,NA,NA
1985,"08",NA,NA,NA,NA
1985,"09",NA,NA,NA,NA
1985,"11",NA,NA,NA,NA
1985,"10",NA,NA,NA,NA
1985,"12",NA,NA,NA,NA
1985,"13",NA,NA,NA,NA
1985,"15",NA,NA,NA,NA
1985,"19",NA,NA,NA,NA
1985,"16",NA,NA,NA,NA
1985,"17",NA,NA,NA,NA
1985,"18",NA,NA,NA,NA
1985,"20",NA,NA,NA,NA
1985,"21",NA,NA,NA,NA
1985,"22",NA,NA,NA,NA
1985,"25",NA,NA,NA,NA
1985,"24",NA,NA,NA,NA
1985,"23",NA,NA,NA,NA
1985,"26",NA,NA,NA,NA
1985,"27",NA,NA,NA,NA
1985,"29",NA,NA,NA,NA
1985,"28",NA,NA,NA,NA
1985,"30",NA,NA,NA,NA
1985,"37",NA,NA,NA,NA
1985,"38",NA,NA,NA,NA
1985,"31",NA,NA,NA,NA
1985,"33",NA,NA,NA,NA
1985,"34",NA,NA,NA,NA
1985,"35",NA,NA,NA,NA
1985,"32",NA,NA,NA,NA
1985,"36",NA,NA,NA,NA
1985,"39",NA,NA,NA,NA
1985,"40",NA,NA,NA,NA
1985,"41",NA,NA,NA,NA
1985,"42",NA,NA,NA,NA
1985,"44",NA,NA,NA,NA
1985,"45",NA,NA,NA,NA
1985,"46",NA,NA,NA,NA
1985,"47",NA,NA,NA,NA
1985,"48",NA,NA,NA,NA
1985,"49",NA,NA,NA,NA
1985,"51",NA,NA,NA,NA
1985,"50",NA,NA,NA,NA
1985,"53",NA,NA,NA,NA
1985,"55",NA,NA,NA,NA
1985,"54",NA,NA,NA,NA
1985,"56",NA,NA,NA,NA
1986,"02",NA,NA,NA,NA
1986,"01",NA,NA,NA,NA
1986,"05",NA,NA,NA,NA
1986,"04",NA,NA,NA,NA
1986,"06",NA,NA,NA,NA
1986,"08",NA,NA,NA,NA
1986,"09",NA,NA,NA,NA
1986,"11",NA,NA,NA,NA
1986,"10",NA,NA,NA,NA
1986,"12",NA,NA,NA,NA
1986,"13",NA,NA,NA,NA
1986,"15",NA,NA,NA,NA
1986,"19",NA,NA,NA,NA
1986,"16",NA,NA,NA,NA
1986,"17",NA,NA,NA,NA
1986,"18",NA,NA,NA,NA
1986,"20",NA,NA,NA,NA
1986,"21",NA,NA,NA,NA
1986,"22",NA,NA,NA,NA
1986,"25",NA,NA,NA,NA
1986,"24",NA,NA,NA,NA
1986,"23",NA,NA,NA,NA
1986,"26",NA,NA,NA,NA
1986,"27",NA,NA,NA,NA
1986,"29",NA,NA,NA,NA
1986,"28",NA,NA,NA,NA
1986,"30",NA,NA,NA,NA
1986,"37",NA,NA,NA,NA
1986,"38",NA,NA,NA,NA
1986,"31",NA,NA,NA,NA
1986,"33",NA,NA,NA,NA
1986,"34",NA,NA,NA,NA
1986,"35",NA,NA,NA,NA
1986,"32",NA,NA,NA,NA
1986,"36",NA,NA,NA,NA
1986,"39",NA,NA,NA,NA
1986,"40",NA,NA,NA,NA
1986,"41",NA,NA,NA,NA
1986,"42",NA,NA,NA,NA
1986,"44",NA,NA,NA,NA
1986,"45",NA,NA,NA,NA
1986,"46",NA,NA,NA,NA
1986,"47",NA,NA,NA,NA
1986,"48",NA,NA,NA,NA
1986,"49",NA,NA,NA,NA
1986,"51",NA,NA,NA,NA
1986,"50",NA,NA,NA,NA
1986,"53",NA,NA,NA,NA
1986,"55",NA,NA,NA,NA
1986,"54",NA,NA,NA,NA
1986,"56",NA,NA,NA,NA
1987,"02",NA,NA,NA,NA
1987,"01",NA,NA,NA,NA
1987,"05",NA,NA,NA,NA
1987,"04",NA,NA,NA,NA
1987,"06",NA,NA,NA,NA
1987,"08",NA,NA,NA,NA
1987,"09",NA,NA,NA,NA
1987,"11",NA,NA,NA,NA
1987,"10",NA,NA,NA,NA
1987,"12",NA,NA,NA,NA
1987,"13",NA,NA,NA,NA
1987,"15",NA,NA,NA,NA
1987,"19",NA,NA,NA,NA
1987,"16",NA,NA,NA,NA
1987,"17",NA,NA,NA,NA
1987,"18",NA,NA,NA,NA
1987,"20",NA,NA,NA,NA
1987,"21",NA,NA,NA,NA
1987,"22",NA,NA,NA,NA
1987,"25",NA,NA,NA,NA
1987,"24",NA,NA,NA,NA
1987,"23",NA,NA,NA,NA
1987,"26",NA,NA,NA,NA
1987,"27",NA,NA,NA,NA
1987,"29",NA,NA,NA,NA
1987,"28",NA,NA,NA,NA
1987,"30",NA,NA,NA,NA
1987,"37",NA,NA,NA,NA
1987,"38",NA,NA,NA,NA
1987,"31",NA,NA,NA,NA
1987,"33",NA,NA,NA,NA
1987,"34",NA,NA,NA,NA
1987,"35",NA,NA,NA,NA
1987,"32",NA,NA,NA,NA
1987,"36",NA,NA,NA,NA
1987,"39",NA,NA,NA,NA
1987,"40",NA,NA,NA,NA
1987,"41",NA,NA,NA,NA
1987,"42",NA,NA,NA,NA
1987,"44",NA,NA,NA,NA
1987,"45",NA,NA,NA,NA
1987,"46",NA,NA,NA,NA
1987,"47",NA,NA,NA,NA
1987,"48",NA,NA,NA,NA
1987,"49",NA,NA,NA,NA
1987,"51",NA,NA,NA,NA
1987,"50",NA,NA,NA,NA
1987,"53",NA,NA,NA,NA
1987,"55",NA,NA,NA,NA
1987,"54",NA,NA,NA,NA
1987,"56",NA,NA,NA,NA
1988,"02",NA,NA,NA,NA
1988,"01",NA,NA,NA,NA
1988,"05",NA,NA,NA,NA
1988,"04",NA,NA,NA,NA
1988,"06",NA,NA,NA,NA
1988,"08",NA,NA,NA,NA
1988,"09",NA,NA,NA,NA
1988,"11",NA,NA,NA,NA
1988,"10",NA,NA,NA,NA
1988,"12",NA,NA,NA,NA
1988,"13",NA,NA,NA,NA
1988,"15",NA,NA,NA,NA
1988,"19",NA,NA,NA,NA
1988,"16",NA,NA,NA,NA
1988,"17",NA,NA,NA,NA
1988,"18",NA,NA,NA,NA
1988,"20",NA,NA,NA,NA
1988,"21",NA,NA,NA,NA
1988,"22",NA,NA,NA,NA
1988,"25",NA,NA,NA,NA
1988,"24",NA,NA,NA,NA
1988,"23",NA,NA,NA,NA
1988,"26",NA,NA,NA,NA
1988,"27",NA,NA,NA,NA
1988,"29",NA,NA,NA,NA
1988,"28",NA,NA,NA,NA
1988,"30",NA,NA,NA,NA
1988,"37",NA,NA,NA,NA
1988,"38",NA,NA,NA,NA
1988,"31",NA,NA,NA,NA
1988,"33",NA,NA,NA,NA
1988,"34",NA,NA,NA,NA
1988,"35",NA,NA,NA,NA
1988,"32",NA,NA,NA,NA
1988,"36",NA,NA,NA,NA
1988,"39",NA,NA,NA,NA
1988,"40",NA,NA,NA,NA
1988,"41",NA,NA,NA,NA
1988,"42",NA,NA,NA,NA
1988,"44",NA,NA,NA,NA
1988,"45",NA,NA,NA,NA
1988,"46",NA,NA,NA,NA
1988,"47",NA,NA,NA,NA
1988,"48",NA,NA,NA,NA
1988,"49",NA,NA,NA,NA
1988,"51",NA,NA,NA,NA
1988,"50",NA,NA,NA,NA
1988,"53",NA,NA,NA,NA
1988,"55",NA,NA,NA,NA
1988,"54",NA,NA,NA,NA
1988,"56",NA,NA,NA,NA
1989,"02",NA,NA,NA,NA
1989,"01",NA,NA,NA,NA
1989,"05",NA,NA,NA,NA
1989,"04",NA,NA,NA,NA
1989,"06",NA,NA,NA,NA
1989,"08",NA,NA,NA,NA
1989,"09",NA,NA,NA,NA
1989,"11",NA,NA,NA,NA
1989,"10",NA,NA,NA,NA
1989,"12",NA,NA,NA,NA
1989,"13",NA,NA,NA,NA
1989,"15",NA,NA,NA,NA
1989,"19",NA,NA,NA,NA
1989,"16",NA,NA,NA,NA
1989,"17",NA,NA,NA,NA
1989,"18",NA,NA,NA,NA
1989,"20",NA,NA,NA,NA
1989,"21",NA,NA,NA,NA
1989,"22",NA,NA,NA,NA
1989,"25",NA,NA,NA,NA
1989,"24",NA,NA,NA,NA
1989,"23",NA,NA,NA,NA
1989,"26",NA,NA,NA,NA
1989,"27",NA,NA,NA,NA
1989,"29",NA,NA,NA,NA
1989,"28",NA,NA,NA,NA
1989,"30",NA,NA,NA,NA
1989,"37",NA,NA,NA,NA
1989,"38",NA,NA,NA,NA
1989,"31",NA,NA,NA,NA
1989,"33",NA,NA,NA,NA
1989,"34",NA,NA,NA,NA
1989,"35",NA,NA,NA,NA
1989,"32",NA,NA,NA,NA
1989,"36",NA,NA,NA,NA
1989,"39",NA,NA,NA,NA
1989,"40",NA,NA,NA,NA
1989,"41",NA,NA,NA,NA
1989,"42",NA,NA,NA,NA
1989,"44",NA,NA,NA,NA
1989,"45",NA,NA,NA,NA
1989,"46",NA,NA,NA,NA
1989,"47",NA,NA,NA,NA
1989,"48",NA,NA,NA,NA
1989,"49",NA,NA,NA,NA
1989,"51",NA,NA,NA,NA
1989,"50",NA,NA,NA,NA
1989,"53",NA,NA,NA,NA
1989,"55",NA,NA,NA,NA
1989,"54",NA,NA,NA,NA
1989,"56",NA,NA,NA,NA
1990,"01",NA,NA,NA,NA
1990,"02",NA,NA,NA,NA
1990,"04",NA,NA,NA,NA
1990,"05",NA,NA,NA,NA
1990,"06",NA,NA,NA,NA
1990,"08",NA,NA,NA,NA
1990,"09",NA,NA,NA,NA
1990,"10",NA,NA,NA,NA
1990,"11",NA,NA,NA,NA
1990,"12",NA,NA,NA,NA
1990,"13",NA,NA,NA,NA
1990,"15",NA,NA,NA,NA
1990,"16",NA,NA,NA,NA
1990,"17",NA,NA,NA,NA
1990,"18",NA,NA,NA,NA
1990,"19",NA,NA,NA,NA
1990,"20",NA,NA,NA,NA
1990,"21",NA,NA,NA,NA
1990,"22",NA,NA,NA,NA
1990,"23",NA,NA,NA,NA
1990,"24",NA,NA,NA,NA
1990,"25",NA,NA,NA,NA
1990,"26",NA,NA,NA,NA
1990,"27",NA,NA,NA,NA
1990,"28",NA,NA,NA,NA
1990,"29",NA,NA,NA,NA
1990,"30",NA,NA,NA,NA
1990,"31",NA,NA,NA,NA
1990,"32",NA,NA,NA,NA
1990,"33",NA,NA,NA,NA
1990,"34",NA,NA,NA,NA
1990,"35",NA,NA,NA,NA
1990,"36",NA,NA,NA,NA
1990,"37",NA,NA,NA,NA
1990,"38",NA,NA,NA,NA
1990,"39",NA,NA,NA,NA
1990,"40",NA,NA,NA,NA
1990,"41",NA,NA,NA,NA
1990,"42",NA,NA,NA,NA
1990,"44",NA,NA,NA,NA
1990,"45",NA,NA,NA,NA
1990,"46",NA,NA,NA,NA
1990,"47",NA,NA,NA,NA
1990,"48",NA,NA,NA,NA
1990,"49",NA,NA,NA,NA
1990,"50",NA,NA,NA,NA
1990,"51",NA,NA,NA,NA
1990,"53",NA,NA,NA,NA
1990,"54",NA,NA,NA,NA
1990,"55",NA,NA,NA,NA
1990,"56",NA,NA,NA,NA
1991,"01",NA,NA,NA,NA
1991,"02",NA,NA,NA,NA
1991,"04",NA,NA,NA,NA
1991,"05",NA,NA,NA,NA
1991,"06",NA,NA,NA,NA
1991,"08",NA,NA,NA,NA
1991,"09",NA,NA,NA,NA
1991,"10",NA,NA,NA,NA
1991,"11",NA,NA,NA,NA
1991,"12",NA,NA,NA,NA
1991,"13",NA,NA,NA,NA
1991,"15",NA,NA,NA,NA
1991,"16",NA,NA,NA,NA
1991,"17",NA,NA,NA,NA
1991,"18",NA,NA,NA,NA
1991,"19",NA,NA,NA,NA
1991,"20",NA,NA,NA,NA
1991,"21",NA,NA,NA,NA
1991,"22",NA,NA,NA,NA
1991,"23",NA,NA,NA,NA
1991,"24",NA,NA,NA,NA
1991,"25",NA,NA,NA,NA
1991,"26",NA,NA,NA,NA
1991,"27",NA,NA,NA,NA
1991,"28",NA,NA,NA,NA
1991,"29",NA,NA,NA,NA
1991,"30",NA,NA,NA,NA
1991,"31",NA,NA,NA,NA
1991,"32",NA,NA,NA,NA
1991,"33",NA,NA,NA,NA
1991,"34",NA,NA,NA,NA
1991,"35",NA,NA,NA,NA
1991,"36",NA,NA,NA,NA
1991,"37",NA,NA,NA,NA
1991,"38",NA,NA,NA,NA
1991,"39",NA,NA,NA,NA
1991,"40",NA,NA,NA,NA
1991,"41",NA,NA,NA,NA
1991,"42",NA,NA,NA,NA
1991,"44",NA,NA,NA,NA
1991,"45",NA,NA,NA,NA
1991,"46",NA,NA,NA,NA
1991,"47",NA,NA,NA,NA
1991,"48",NA,NA,NA,NA
1991,"49",NA,NA,NA,NA
1991,"50",NA,NA,NA,NA
1991,"51",NA,NA,NA,NA
1991,"53",NA,NA,NA,NA
1991,"54",NA,NA,NA,NA
1991,"55",NA,NA,NA,NA
1991,"56",NA,NA,NA,NA
1992,"01",NA,NA,NA,NA
1992,"02",NA,NA,NA,NA
1992,"04",NA,NA,NA,NA
1992,"05",NA,NA,NA,NA
1992,"06",NA,NA,NA,NA
1992,"08",NA,NA,NA,NA
1992,"09",NA,NA,NA,NA
1992,"10",NA,NA,NA,NA
1992,"11",NA,NA,NA,NA
1992,"12",NA,NA,NA,NA
1992,"13",NA,NA,NA,NA
1992,"15",NA,NA,NA,NA
1992,"16",NA,NA,NA,NA
1992,"17",NA,NA,NA,NA
1992,"18",NA,NA,NA,NA
1992,"19",NA,NA,NA,NA
1992,"20",NA,NA,NA,NA
1992,"21",NA,NA,NA,NA
1992,"22",NA,NA,NA,NA
1992,"23",NA,NA,NA,NA
1992,"24",NA,NA,NA,NA
1992,"25",NA,NA,NA,NA
1992,"26",NA,NA,NA,NA
1992,"27",NA,NA,NA,NA
1992,"28",NA,NA,NA,NA
1992,"29",NA,NA,NA,NA
1992,"30",NA,NA,NA,NA
1992,"31",NA,NA,NA,NA
1992,"32",NA,NA,NA,NA
1992,"33",NA,NA,NA,NA
1992,"34",NA,NA,NA,NA
1992,"35",NA,NA,NA,NA
1992,"36",NA,NA,NA,NA
1992,"37",NA,NA,NA,NA
1992,"38",NA,NA,NA,NA
1992,"39",NA,NA,NA,NA
1992,"40",NA,NA,NA,NA
1992,"41",NA,NA,NA,NA
1992,"42",NA,NA,NA,NA
1992,"44",NA,NA,NA,NA
1992,"45",NA,NA,NA,NA
1992,"46",NA,NA,NA,NA
1992,"47",NA,NA,NA,NA
1992,"48",NA,NA,NA,NA
1992,"49",NA,NA,NA,NA
1992,"50",NA,NA,NA,NA
1992,"51",NA,NA,NA,NA
1992,"53",NA,NA,NA,NA
1992,"54",NA,NA,NA,NA
1992,"55",NA,NA,NA,NA
1992,"56",NA,NA,NA,NA
1993,"01",NA,NA,NA,NA
1993,"02",NA,NA,NA,NA
1993,"04",NA,NA,NA,NA
1993,"05",NA,NA,NA,NA
1993,"06",NA,NA,NA,NA
1993,"08",NA,NA,NA,NA
1993,"09",NA,NA,NA,NA
1993,"10",NA,NA,NA,NA
1993,"11",NA,NA,NA,NA
1993,"12",NA,NA,NA,NA
1993,"13",NA,NA,NA,NA
1993,"15",NA,NA,NA,NA
1993,"16",NA,NA,NA,NA
1993,"17",NA,NA,NA,NA
1993,"18",NA,NA,NA,NA
1993,"19",NA,NA,NA,NA
1993,"20",NA,NA,NA,NA
1993,"21",NA,NA,NA,NA
1993,"22",NA,NA,NA,NA
1993,"23",NA,NA,NA,NA
1993,"24",NA,NA,NA,NA
1993,"25",NA,NA,NA,NA
1993,"26",NA,NA,NA,NA
1993,"27",NA,NA,NA,NA
1993,"28",NA,NA,NA,NA
1993,"29",NA,NA,NA,NA
1993,"30",NA,NA,NA,NA
1993,"31",NA,NA,NA,NA
1993,"32",NA,NA,NA,NA
1993,"33",NA,NA,NA,NA
1993,"34",NA,NA,NA,NA
1993,"35",NA,NA,NA,NA
1993,"36",NA,NA,NA,NA
1993,"37",NA,NA,NA,NA
1993,"38",NA,NA,NA,NA
1993,"39",NA,NA,NA,NA
1993,"40",NA,NA,NA,NA
1993,"41",NA,NA,NA,NA
1993,"42",NA,NA,NA,NA
1993,"44",NA,NA,NA,NA
1993,"45",NA,NA,NA,NA
1993,"46",NA,NA,NA,NA
1993,"47",NA,NA,NA,NA
1993,"48",NA,NA,NA,NA
1993,"49",NA,NA,NA,NA
1993,"50",NA,NA,NA,NA
1993,"51",NA,NA,NA,NA
1993,"53",NA,NA,NA,NA
1993,"54",NA,NA,NA,NA
1993,"55",NA,NA,NA,NA
1993,"56",NA,NA,NA,NA
1994,"01",NA,NA,NA,NA
1994,"02",NA,NA,NA,NA
1994,"04",NA,NA,NA,NA
1994,"05",NA,NA,NA,NA
1994,"06",NA,NA,NA,NA
1994,"08",NA,NA,NA,NA
1994,"09",NA,NA,NA,NA
1994,"10",NA,NA,NA,NA
1994,"11",NA,NA,NA,NA
1994,"12",NA,NA,NA,NA
1994,"13",NA,NA,NA,NA
1994,"15",NA,NA,NA,NA
1994,"16",NA,NA,NA,NA
1994,"17",NA,NA,NA,NA
1994,"18",NA,NA,NA,NA
1994,"19",NA,NA,NA,NA
1994,"20",NA,NA,NA,NA
1994,"21",NA,NA,NA,NA
1994,"22",NA,NA,NA,NA
1994,"23",NA,NA,NA,NA
1994,"24",NA,NA,NA,NA
1994,"25",NA,NA,NA,NA
1994,"26",NA,NA,NA,NA
1994,"27",NA,NA,NA,NA
1994,"28",NA,NA,NA,NA
1994,"29",NA,NA,NA,NA
1994,"30",NA,NA,NA,NA
1994,"31",NA,NA,NA,NA
1994,"32",NA,NA,NA,NA
1994,"33",NA,NA,NA,NA
1994,"34",NA,NA,NA,NA
1994,"35",NA,NA,NA,NA
1994,"36",NA,NA,NA,NA
1994,"37",NA,NA,NA,NA
1994,"38",NA,NA,NA,NA
1994,"39",NA,NA,NA,NA
1994,"40",NA,NA,NA,NA
1994,"41",NA,NA,NA,NA
1994,"42",NA,NA,NA,NA
1994,"44",NA,NA,NA,NA
1994,"45",NA,NA,NA,NA
1994,"46",NA,NA,NA,NA
1994,"47",NA,NA,NA,NA
1994,"48",NA,NA,NA,NA
1994,"49",NA,NA,NA,NA
1994,"50",NA,NA,NA,NA
1994,"51",NA,NA,NA,NA
1994,"53",NA,NA,NA,NA
1994,"54",NA,NA,NA,NA
1994,"55",NA,NA,NA,NA
1994,"56",NA,NA,NA,NA
1995,"01",NA,NA,NA,NA
1995,"02",NA,NA,NA,NA
1995,"04",NA,NA,NA,NA
1995,"05",NA,NA,NA,NA
1995,"06",NA,NA,NA,NA
1995,"08",NA,NA,NA,NA
1995,"09",NA,NA,NA,NA
1995,"10",NA,NA,NA,NA
1995,"11",NA,NA,NA,NA
1995,"12",NA,NA,NA,NA
1995,"13",NA,NA,NA,NA
1995,"15",NA,NA,NA,NA
1995,"16",NA,NA,NA,NA
1995,"17",NA,NA,NA,NA
1995,"18",NA,NA,NA,NA
1995,"19",NA,NA,NA,NA
1995,"20",NA,NA,NA,NA
1995,"21",NA,NA,NA,NA
1995,"22",NA,NA,NA,NA
1995,"23",NA,NA,NA,NA
1995,"24",NA,NA,NA,NA
1995,"25",NA,NA,NA,NA
1995,"26",NA,NA,NA,NA
1995,"27",NA,NA,NA,NA
1995,"28",NA,NA,NA,NA
1995,"29",NA,NA,NA,NA
1995,"30",NA,NA,NA,NA
1995,"31",NA,NA,NA,NA
1995,"32",NA,NA,NA,NA
1995,"33",NA,NA,NA,NA
1995,"34",NA,NA,NA,NA
1995,"35",NA,NA,NA,NA
1995,"36",NA,NA,NA,NA
1995,"37",NA,NA,NA,NA
1995,"38",NA,NA,NA,NA
1995,"39",NA,NA,NA,NA
1995,"40",NA,NA,NA,NA
1995,"41",NA,NA,NA,NA
1995,"42",NA,NA,NA,NA
1995,"44",NA,NA,NA,NA
1995,"45",NA,NA,NA,NA
1995,"46",NA,NA,NA,NA
1995,"47",NA,NA,NA,NA
1995,"48",NA,NA,NA,NA
1995,"49",NA,NA,NA,NA
1995,"50",NA,NA,NA,NA
1995,"51",NA,NA,NA,NA
1995,"53",NA,NA,NA,NA
1995,"54",NA,NA,NA,NA
1995,"55",NA,NA,NA,NA
1995,"56",NA,NA,NA,NA
1996,"01",NA,NA,NA,NA
1996,"02",NA,NA,NA,NA
1996,"04",NA,NA,NA,NA
1996,"05",NA,NA,NA,NA
1996,"06",NA,NA,NA,NA
1996,"08",NA,NA,NA,NA
1996,"09",NA,NA,NA,NA
1996,"10",NA,NA,NA,NA
1996,"11",NA,NA,NA,NA
1996,"12",NA,NA,NA,NA
1996,"13",NA,NA,NA,NA
1996,"15",NA,NA,NA,NA
1996,"16",NA,NA,NA,NA
1996,"17",NA,NA,NA,NA
1996,"18",NA,NA,NA,NA
1996,"19",NA,NA,NA,NA
1996,"20",NA,NA,NA,NA
1996,"21",NA,NA,NA,NA
1996,"22",NA,NA,NA,NA
1996,"23",NA,NA,NA,NA
1996,"24",NA,NA,NA,NA
1996,"25",NA,NA,NA,NA
1996,"26",NA,NA,NA,NA
1996,"27",NA,NA,NA,NA
1996,"28",NA,NA,NA,NA
1996,"29",NA,NA,NA,NA
1996,"30",NA,NA,NA,NA
1996,"31",NA,NA,NA,NA
1996,"32",NA,NA,NA,NA
1996,"33",NA,NA,NA,NA
1996,"34",NA,NA,NA,NA
1996,"35",NA,NA,NA,NA
1996,"36",NA,NA,NA,NA
1996,"37",NA,NA,NA,NA
1996,"38",NA,NA,NA,NA
1996,"39",NA,NA,NA,NA
1996,"40",NA,NA,NA,NA
1996,"41",NA,NA,NA,NA
1996,"42",NA,NA,NA,NA
1996,"44",NA,NA,NA,NA
1996,"45",NA,NA,NA,NA
1996,"46",NA,NA,NA,NA
1996,"47",NA,NA,NA,NA
1996,"48",NA,NA,NA,NA
1996,"49",NA,NA,NA,NA
1996,"50",NA,NA,NA,NA
1996,"51",NA,NA,NA,NA
1996,"53",NA,NA,NA,NA
1996,"54",NA,NA,NA,NA
1996,"55",NA,NA,NA,NA
1996,"56",NA,NA,NA,NA
1997,"01",NA,NA,NA,NA
1997,"02",NA,NA,NA,NA
1997,"04",NA,NA,NA,NA
1997,"05",NA,NA,NA,NA
1997,"06",NA,NA,NA,NA
1997,"08",NA,NA,NA,NA
1997,"09",NA,NA,NA,NA
1997,"10",NA,NA,NA,NA
1997,"11",NA,NA,NA,NA
1997,"12",NA,NA,NA,NA
1997,"13",NA,NA,NA,NA
1997,"15",NA,NA,NA,NA
1997,"16",NA,NA,NA,NA
1997,"17",NA,NA,NA,NA
1997,"18",NA,NA,NA,NA
1997,"19",NA,NA,NA,NA
1997,"20",NA,NA,NA,NA
1997,"21",NA,NA,NA,NA
1997,"22",NA,NA,NA,NA
1997,"23",NA,NA,NA,NA
1997,"24",NA,NA,NA,NA
1997,"25",NA,NA,NA,NA
1997,"26",NA,NA,NA,NA
1997,"27",NA,NA,NA,NA
1997,"28",NA,NA,NA,NA
1997,"29",NA,NA,NA,NA
1997,"30",NA,NA,NA,NA
1997,"31",NA,NA,NA,NA
1997,"32",NA,NA,NA,NA
1997,"33",NA,NA,NA,NA
1997,"34",NA,NA,NA,NA
1997,"35",NA,NA,NA,NA
1997,"36",NA,NA,NA,NA
1997,"37",NA,NA,NA,NA
1997,"38",NA,NA,NA,NA
1997,"39",NA,NA,NA,NA
1997,"40",NA,NA,NA,NA
1997,"41",NA,NA,NA,NA
1997,"42",NA,NA,NA,NA
1997,"44",NA,NA,NA,NA
1997,"45",NA,NA,NA,NA
1997,"46",NA,NA,NA,NA
1997,"47",NA,NA,NA,NA
1997,"48",NA,NA,NA,NA
1997,"49",NA,NA,NA,NA
1997,"50",NA,NA,NA,NA
1997,"51",NA,NA,NA,NA
1997,"53",NA,NA,NA,NA
1997,"54",NA,NA,NA,NA
1997,"55",NA,NA,NA,NA
1997,"56",NA,NA,NA,NA
1998,"01",NA,NA,NA,NA
1998,"02",NA,NA,NA,NA
1998,"04",NA,NA,NA,NA
1998,"05",NA,NA,NA,NA
1998,"06",NA,NA,NA,NA
1998,"08",NA,NA,NA,NA
1998,"09",NA,NA,NA,NA
1998,"10",NA,NA,NA,NA
1998,"11",NA,NA,NA,NA
1998,"12",NA,NA,NA,NA
1998,"13",NA,NA,NA,NA
1998,"15",NA,NA,NA,NA
1998,"16",NA,NA,NA,NA
1998,"17",NA,NA,NA,NA
1998,"18",NA,NA,NA,NA
1998,"19",NA,NA,NA,NA
1998,"20",NA,NA,NA,NA
1998,"21",NA,NA,NA,NA
1998,"22",NA,NA,NA,NA
1998,"23",NA,NA,NA,NA
1998,"24",NA,NA,NA,NA
1998,"25",NA,NA,NA,NA
1998,"26",NA,NA,NA,NA
1998,"27",NA,NA,NA,NA
1998,"28",NA,NA,NA,NA
1998,"29",NA,NA,NA,NA
1998,"30",NA,NA,NA,NA
1998,"31",NA,NA,NA,NA
1998,"32",NA,NA,NA,NA
1998,"33",NA,NA,NA,NA
1998,"34",NA,NA,NA,NA
1998,"35",NA,NA,NA,NA
1998,"36",NA,NA,NA,NA
1998,"37",NA,NA,NA,NA
1998,"38",NA,NA,NA,NA
1998,"39",NA,NA,NA,NA
1998,"40",NA,NA,NA,NA
1998,"41",NA,NA,NA,NA
1998,"42",NA,NA,NA,NA
1998,"44",NA,NA,NA,NA
1998,"45",NA,NA,NA,NA
1998,"46",NA,NA,NA,NA
1998,"47",NA,NA,NA,NA
1998,"48",NA,NA,NA,NA
1998,"49",NA,NA,NA,NA
1998,"50",NA,NA,NA,NA
1998,"51",NA,NA,NA,NA
1998,"53",NA,NA,NA,NA
1998,"54",NA,NA,NA,NA
1998,"55",NA,NA,NA,NA
1998,"56",NA,NA,NA,NA
1999,"01",NA,NA,NA,NA
1999,"02",NA,NA,NA,NA
1999,"04",NA,NA,NA,NA
1999,"05",NA,NA,NA,NA
1999,"06",NA,NA,NA,NA
1999,"08",NA,NA,NA,NA
1999,"09",NA,NA,NA,NA
1999,"10",NA,NA,NA,NA
1999,"11",NA,NA,NA,NA
1999,"12",NA,NA,NA,NA
1999,"13",NA,NA,NA,NA
1999,"15",NA,NA,NA,NA
1999,"16",NA,NA,NA,NA
1999,"17",NA,NA,NA,NA
1999,"18",NA,NA,NA,NA
1999,"19",NA,NA,NA,NA
1999,"20",NA,NA,NA,NA
1999,"21",NA,NA,NA,NA
1999,"22",NA,NA,NA,NA
1999,"23",NA,NA,NA,NA
1999,"24",NA,NA,NA,NA
1999,"25",NA,NA,NA,NA
1999,"26",NA,NA,NA,NA
1999,"27",NA,NA,NA,NA
1999,"28",NA,NA,NA,NA
1999,"29",NA,NA,NA,NA
1999,"30",NA,NA,NA,NA
1999,"31",NA,NA,NA,NA
1999,"32",NA,NA,NA,NA
1999,"33",NA,NA,NA,NA
1999,"34",NA,NA,NA,NA
1999,"35",NA,NA,NA,NA
1999,"36",NA,NA,NA,NA
1999,"37",NA,NA,NA,NA
1999,"38",NA,NA,NA,NA
1999,"39",NA,NA,NA,NA
1999,"40",NA,NA,NA,NA
1999,"41",NA,NA,NA,NA
1999,"42",NA,NA,NA,NA
1999,"44",NA,NA,NA,NA
1999,"45",NA,NA,NA,NA
1999,"46",NA,NA,NA,NA
1999,"47",NA,NA,NA,NA
1999,"48",NA,NA,NA,NA
1999,"49",NA,NA,NA,NA
1999,"50",NA,NA,NA,NA
1999,"51",NA,NA,NA,NA
1999,"53",NA,NA,NA,NA
1999,"54",NA,NA,NA,NA
1999,"55",NA,NA,NA,NA
1999,"56",NA,NA,NA,NA
2000,"01",NA,NA,NA,NA
2000,"02",NA,NA,NA,NA
2000,"04",NA,NA,NA,NA
2000,"05",NA,NA,NA,NA
2000,"06",NA,NA,NA,NA
2000,"08",NA,NA,NA,NA
2000,"09",NA,NA,NA,NA
2000,"10",NA,NA,NA,NA
2000,"11",NA,NA,NA,NA
2000,"12",NA,NA,NA,NA
2000,"13",NA,NA,NA,NA
2000,"15",NA,NA,NA,NA
2000,"16",NA,NA,NA,NA
2000,"17",NA,NA,NA,NA
2000,"18",NA,NA,NA,NA
2000,"19",NA,NA,NA,NA
2000,"20",NA,NA,NA,NA
2000,"21",NA,NA,NA,NA
2000,"22",NA,NA,NA,NA
2000,"23",NA,NA,NA,NA
2000,"24",NA,NA,NA,NA
2000,"25",NA,NA,NA,NA
2000,"26",NA,NA,NA,NA
2000,"27",NA,NA,NA,NA
2000,"28",NA,NA,NA,NA
2000,"29",NA,NA,NA,NA
2000,"30",NA,NA,NA,NA
2000,"31",NA,NA,NA,NA
2000,"32",NA,NA,NA,NA
2000,"33",NA,NA,NA,NA
2000,"34",NA,NA,NA,NA
2000,"35",NA,NA,NA,NA
2000,"36",NA,NA,NA,NA
2000,"37",NA,NA,NA,NA
2000,"38",NA,NA,NA,NA
2000,"39",NA,NA,NA,NA
2000,"40",NA,NA,NA,NA
2000,"41",NA,NA,NA,NA
2000,"42",NA,NA,NA,NA
2000,"44",NA,NA,NA,NA
2000,"45",NA,NA,NA,NA
2000,"46",NA,NA,NA,NA
2000,"47",NA,NA,NA,NA
2000,"48",NA,NA,NA,NA
2000,"49",NA,NA,NA,NA
2000,"50",NA,NA,NA,NA
2000,"51",NA,NA,NA,NA
2000,"53",NA,NA,NA,NA
2000,"54",NA,NA,NA,NA
2000,"55",NA,NA,NA,NA
2000,"56",NA,NA,NA,NA
2001,"01",NA,NA,NA,NA
2001,"02",NA,NA,NA,NA
2001,"04",NA,NA,NA,NA
2001,"05",NA,NA,NA,NA
2001,"06",NA,NA,NA,NA
2001,"08",NA,NA,NA,NA
2001,"09",NA,NA,NA,NA
2001,"10",NA,NA,NA,NA
2001,"11",NA,NA,NA,NA
2001,"12",NA,NA,NA,NA
2001,"13",NA,NA,NA,NA
2001,"15",NA,NA,NA,NA
2001,"16",NA,NA,NA,NA
2001,"17",NA,NA,NA,NA
2001,"18",NA,NA,NA,NA
2001,"19",NA,NA,NA,NA
2001,"20",NA,NA,NA,NA
2001,"21",NA,NA,NA,NA
2001,"22",NA,NA,NA,NA
2001,"23",NA,NA,NA,NA
2001,"24",NA,NA,NA,NA
2001,"25",NA,NA,NA,NA
2001,"26",NA,NA,NA,NA
2001,"27",NA,NA,NA,NA
2001,"28",NA,NA,NA,NA
2001,"29",NA,NA,NA,NA
2001,"30",NA,NA,NA,NA
2001,"31",NA,NA,NA,NA
2001,"32",NA,NA,NA,NA
2001,"33",NA,NA,NA,NA
2001,"34",NA,NA,NA,NA
2001,"35",NA,NA,NA,NA
2001,"36",NA,NA,NA,NA
2001,"37",NA,NA,NA,NA
2001,"38",NA,NA,NA,NA
2001,"39",NA,NA,NA,NA
2001,"40",NA,NA,NA,NA
2001,"41",NA,NA,NA,NA
2001,"42",NA,NA,NA,NA
2001,"44",NA,NA,NA,NA
2001,"45",NA,NA,NA,NA
2001,"46",NA,NA,NA,NA
2001,"47",NA,NA,NA,NA
2001,"48",NA,NA,NA,NA
2001,"49",NA,NA,NA,NA
2001,"50",NA,NA,NA,NA
2001,"51",NA,NA,NA,NA
2001,"53",NA,NA,NA,NA
2001,"54",NA,NA,NA,NA
2001,"55",NA,NA,NA,NA
2001,"56",NA,NA,NA,NA
2002,"01",NA,NA,NA,NA
2002,"02",NA,NA,NA,NA
2002,"04",NA,NA,NA,NA
2002,"05",NA,NA,NA,NA
2002,"06",NA,NA,NA,NA
2002,"08",NA,NA,NA,NA
2002,"09",NA,NA,NA,NA
2002,"10",NA,NA,NA,NA
2002,"11",NA,NA,NA,NA
2002,"12",NA,NA,NA,NA
2002,"13",NA,NA,NA,NA
2002,"15",NA,NA,NA,NA
2002,"16",NA,NA,NA,NA
2002,"17",NA,NA,NA,NA
2002,"18",NA,NA,NA,NA
2002,"19",NA,NA,NA,NA
2002,"20",NA,NA,NA,NA
2002,"21",NA,NA,NA,NA
2002,"22",NA,NA,NA,NA
2002,"23",NA,NA,NA,NA
2002,"24",NA,NA,NA,NA
2002,"25",NA,NA,NA,NA
2002,"26",NA,NA,NA,NA
2002,"27",NA,NA,NA,NA
2002,"28",NA,NA,NA,NA
2002,"29",NA,NA,NA,NA
2002,"30",NA,NA,NA,NA
2002,"31",NA,NA,NA,NA
2002,"32",NA,NA,NA,NA
2002,"33",NA,NA,NA,NA
2002,"34",NA,NA,NA,NA
2002,"35",NA,NA,NA,NA
2002,"36",NA,NA,NA,NA
2002,"37",NA,NA,NA,NA
2002,"38",NA,NA,NA,NA
2002,"39",NA,NA,NA,NA
2002,"40",NA,NA,NA,NA
2002,"41",NA,NA,NA,NA
2002,"42",NA,NA,NA,NA
2002,"44",NA,NA,NA,NA
2002,"45",NA,NA,NA,NA
2002,"46",NA,NA,NA,NA
2002,"47",NA,NA,NA,NA
2002,"48",NA,NA,NA,NA
2002,"49",NA,NA,NA,NA
2002,"50",NA,NA,NA,NA
2002,"51",NA,NA,NA,NA
2002,"53",NA,NA,NA,NA
2002,"54",NA,NA,NA,NA
2002,"55",NA,NA,NA,NA
2002,"56",NA,NA,NA,NA
2003,"01",NA,NA,NA,NA
2003,"02",NA,NA,NA,NA
2003,"04",NA,NA,NA,NA
2003,"05",NA,NA,NA,NA
2003,"06",NA,NA,NA,NA
2003,"08",NA,NA,NA,NA
2003,"09",NA,NA,NA,NA
2003,"10",NA,NA,NA,NA
2003,"11",NA,NA,NA,NA
2003,"12",NA,NA,NA,NA
2003,"13",NA,NA,NA,NA
2003,"15",NA,NA,NA,NA
2003,"16",NA,NA,NA,NA
2003,"17",NA,NA,NA,NA
2003,"18",NA,NA,NA,NA
2003,"19",NA,NA,NA,NA
2003,"20",NA,NA,NA,NA
2003,"21",NA,NA,NA,NA
2003,"22",NA,NA,NA,NA
2003,"23",NA,NA,NA,NA
2003,"24",NA,NA,NA,NA
2003,"25",NA,NA,NA,NA
2003,"26",NA,NA,NA,NA
2003,"27",NA,NA,NA,NA
2003,"28",NA,NA,NA,NA
2003,"29",NA,NA,NA,NA
2003,"30",NA,NA,NA,NA
2003,"31",NA,NA,NA,NA
2003,"32",NA,NA,NA,NA
2003,"33",NA,NA,NA,NA
2003,"34",NA,NA,NA,NA
2003,"35",NA,NA,NA,NA
2003,"36",NA,NA,NA,NA
2003,"37",NA,NA,NA,NA
2003,"38",NA,NA,NA,NA
2003,"39",NA,NA,NA,NA
2003,"40",NA,NA,NA,NA
2003,"41",NA,NA,NA,NA
2003,"42",NA,NA,NA,NA
2003,"44",NA,NA,NA,NA
2003,"45",NA,NA,NA,NA
2003,"46",NA,NA,NA,NA
2003,"47",NA,NA,NA,NA
2003,"48",NA,NA,NA,NA
2003,"49",NA,NA,NA,NA
2003,"50",NA,NA,NA,NA
2003,"51",NA,NA,NA,NA
2003,"53",NA,NA,NA,NA
2003,"54",NA,NA,NA,NA
2003,"55",NA,NA,NA,NA
2003,"56",NA,NA,NA,NA
2004,"01",NA,NA,NA,NA
2004,"02",NA,NA,NA,NA
2004,"04",NA,NA,NA,NA
2004,"05",NA,NA,NA,NA
2004,"06",NA,NA,NA,NA
2004,"08",NA,NA,NA,NA
2004,"09",NA,NA,NA,NA
2004,"10",NA,NA,NA,NA
2004,"11",NA,NA,NA,NA
2004,"12",NA,NA,NA,NA
2004,"13",NA,NA,NA,NA
2004,"15",NA,NA,NA,NA
2004,"16",NA,NA,NA,NA
2004,"17",NA,NA,NA,NA
2004,"18",NA,NA,NA,NA
2004,"19",NA,NA,NA,NA
2004,"20",NA,NA,NA,NA
2004,"21",NA,NA,NA,NA
2004,"22",NA,NA,NA,NA
2004,"23",NA,NA,NA,NA
2004,"24",NA,NA,NA,NA
2004,"25",NA,NA,NA,NA
2004,"26",NA,NA,NA,NA
2004,"27",NA,NA,NA,NA
2004,"28",NA,NA,NA,NA
2004,"29",NA,NA,NA,NA
2004,"30",NA,NA,NA,NA
2004,"31",NA,NA,NA,NA
2004,"32",NA,NA,NA,NA
2004,"33",NA,NA,NA,NA
2004,"34",NA,NA,NA,NA
2004,"35",NA,NA,NA,NA
2004,"36",NA,NA,NA,NA
2004,"37",NA,NA,NA,NA
2004,"38",NA,NA,NA,NA
2004,"39",NA,NA,NA,NA
2004,"40",NA,NA,NA,NA
2004,"41",NA,NA,NA,NA
2004,"42",NA,NA,NA,NA
2004,"44",NA,NA,NA,NA
2004,"45",NA,NA,NA,NA
2004,"46",NA,NA,NA,NA
2004,"47",NA,NA,NA,NA
2004,"48",NA,NA,NA,NA
2004,"49",NA,NA,NA,NA
2004,"50",NA,NA,NA,NA
2004,"51",NA,NA,NA,NA
2004,"53",NA,NA,NA,NA
2004,"54",NA,NA,NA,NA
2004,"55",NA,NA,NA,NA
2004,"56",NA,NA,NA,NA
2005,"01",NA,NA,NA,NA
2005,"02",NA,NA,NA,NA
2005,"04",NA,NA,NA,NA
2005,"05",NA,NA,NA,NA
2005,"06",NA,NA,NA,NA
2005,"08",NA,NA,NA,NA
2005,"09",NA,NA,NA,NA
2005,"10",NA,NA,NA,NA
2005,"11",NA,NA,NA,NA
2005,"12",NA,NA,NA,NA
2005,"13",NA,NA,NA,NA
2005,"15",NA,NA,NA,NA
2005,"16",NA,NA,NA,NA
2005,"17",NA,NA,NA,NA
2005,"18",NA,NA,NA,NA
2005,"19",NA,NA,NA,NA
2005,"20",NA,NA,NA,NA
2005,"21",NA,NA,NA,NA
2005,"22",NA,NA,NA,NA
2005,"23",NA,NA,NA,NA
2005,"24",NA,NA,NA,NA
2005,"25",NA,NA,NA,NA
2005,"26",NA,NA,NA,NA
2005,"27",NA,NA,NA,NA
2005,"28",NA,NA,NA,NA
2005,"29",NA,NA,NA,NA
2005,"30",NA,NA,NA,NA
2005,"31",NA,NA,NA,NA
2005,"32",NA,NA,NA,NA
2005,"33",NA,NA,NA,NA
2005,"34",NA,NA,NA,NA
2005,"35",NA,NA,NA,NA
2005,"36",NA,NA,NA,NA
2005,"37",NA,NA,NA,NA
2005,"38",NA,NA,NA,NA
2005,"39",NA,NA,NA,NA
2005,"40",NA,NA,NA,NA
2005,"41",NA,NA,NA,NA
2005,"42",NA,NA,NA,NA
2005,"44",NA,NA,NA,NA
2005,"45",NA,NA,NA,NA
2005,"46",NA,NA,NA,NA
2005,"47",NA,NA,NA,NA
2005,"48",NA,NA,NA,NA
2005,"49",NA,NA,NA,NA
2005,"50",NA,NA,NA,NA
2005,"51",NA,NA,NA,NA
2005,"53",NA,NA,NA,NA
2005,"54",NA,NA,NA,NA
2005,"55",NA,NA,NA,NA
2005,"56",NA,NA,NA,NA
2006,"01",NA,NA,NA,NA
2006,"02",NA,NA,NA,NA
2006,"04",NA,NA,NA,NA
2006,"05",NA,NA,NA,NA
2006,"06",NA,NA,NA,NA
2006,"08",NA,NA,NA,NA
2006,"09",NA,NA,NA,NA
2006,"10",NA,NA,NA,NA
2006,"11",NA,NA,NA,NA
2006,"12",NA,NA,NA,NA
2006,"13",NA,NA,NA,NA
2006,"15",NA,NA,NA,NA
2006,"16",NA,NA,NA,NA
2006,"17",NA,NA,NA,NA
2006,"18",NA,NA,NA,NA
2006,"19",NA,NA,NA,NA
2006,"20",NA,NA,NA,NA
2006,"21",NA,NA,NA,NA
2006,"22",NA,NA,NA,NA
2006,"23",NA,NA,NA,NA
2006,"24",NA,NA,NA,NA
2006,"25",NA,NA,NA,NA
2006,"26",NA,NA,NA,NA
2006,"27",NA,NA,NA,NA
2006,"28",NA,NA,NA,NA
2006,"29",NA,NA,NA,NA
2006,"30",NA,NA,NA,NA
2006,"31",NA,NA,NA,NA
2006,"32",NA,NA,NA,NA
2006,"33",NA,NA,NA,NA
2006,"34",NA,NA,NA,NA
2006,"35",NA,NA,NA,NA
2006,"36",NA,NA,NA,NA
2006,"37",NA,NA,NA,NA
2006,"38",NA,NA,NA,NA
2006,"39",NA,NA,NA,NA
2006,"40",NA,NA,NA,NA
2006,"41",NA,NA,NA,NA
2006,"42",NA,NA,NA,NA
2006,"44",NA,NA,NA,NA
2006,"45",NA,NA,NA,NA
2006,"46",NA,NA,NA,NA
2006,"47",NA,NA,NA,NA
2006,"48",NA,NA,NA,NA
2006,"49",NA,NA,NA,NA
2006,"50",NA,NA,NA,NA
2006,"51",NA,NA,NA,NA
2006,"53",NA,NA,NA,NA
2006,"54",NA,NA,NA,NA
2006,"55",NA,NA,NA,NA
2006,"56",NA,NA,NA,NA
2007,"01",NA,NA,NA,NA
2007,"02",NA,NA,NA,NA
2007,"04",NA,NA,NA,NA
2007,"05",NA,NA,NA,NA
2007,"06",NA,NA,NA,NA
2007,"08",NA,NA,NA,NA
2007,"09",NA,NA,NA,NA
2007,"10",NA,NA,NA,NA
2007,"11",NA,NA,NA,NA
2007,"12",NA,NA,NA,NA
2007,"13",NA,NA,NA,NA
2007,"15",NA,NA,NA,NA
2007,"16",NA,NA,NA,NA
2007,"17",NA,NA,NA,NA
2007,"18",NA,NA,NA,NA
2007,"19",NA,NA,NA,NA
2007,"20",NA,NA,NA,NA
2007,"21",NA,NA,NA,NA
2007,"22",NA,NA,NA,NA
2007,"23",NA,NA,NA,NA
2007,"24",NA,NA,NA,NA
2007,"25",NA,NA,NA,NA
2007,"26",NA,NA,NA,NA
2007,"27",NA,NA,NA,NA
2007,"28",NA,NA,NA,NA
2007,"29",NA,NA,NA,NA
2007,"30",NA,NA,NA,NA
2007,"31",NA,NA,NA,NA
2007,"32",NA,NA,NA,NA
2007,"33",NA,NA,NA,NA
2007,"34",NA,NA,NA,NA
2007,"35",NA,NA,NA,NA
2007,"36",NA,NA,NA,NA
2007,"37",NA,NA,NA,NA
2007,"38",NA,NA,NA,NA
2007,"39",NA,NA,NA,NA
2007,"40",NA,NA,NA,NA
2007,"41",NA,NA,NA,NA
2007,"42",NA,NA,NA,NA
2007,"44",NA,NA,NA,NA
2007,"45",NA,NA,NA,NA
2007,"46",NA,NA,NA,NA
2007,"47",NA,NA,NA,NA
2007,"48",NA,NA,NA,NA
2007,"49",NA,NA,NA,NA
2007,"50",NA,NA,NA,NA
2007,"51",NA,NA,NA,NA
2007,"53",NA,NA,NA,NA
2007,"54",NA,NA,NA,NA
2007,"55",NA,NA,NA,NA
2007,"56",NA,NA,NA,NA
2008,"01",NA,NA,NA,NA
2008,"02",NA,NA,NA,NA
2008,"04",NA,NA,NA,NA
2008,"05",NA,NA,NA,NA
2008,"06",NA,NA,NA,NA
2008,"08",NA,NA,NA,NA
2008,"09",NA,NA,NA,NA
2008,"10",NA,NA,NA,NA
2008,"11",NA,NA,NA,NA
2008,"12",NA,NA,NA,NA
2008,"13",NA,NA,NA,NA
2008,"15",NA,NA,NA,NA
2008,"16",NA,NA,NA,NA
2008,"17",NA,NA,NA,NA
2008,"18",NA,NA,NA,NA
2008,"19",NA,NA,NA,NA
2008,"20",NA,NA,NA,NA
2008,"21",NA,NA,NA,NA
2008,"22",NA,NA,NA,NA
2008,"23",NA,NA,NA,NA
2008,"24",NA,NA,NA,NA
2008,"25",NA,NA,NA,NA
2008,"26",NA,NA,NA,NA
2008,"27",NA,NA,NA,NA
2008,"28",NA,NA,NA,NA
2008,"29",NA,NA,NA,NA
2008,"30",NA,NA,NA,NA
2008,"31",NA,NA,NA,NA
2008,"32",NA,NA,NA,NA
2008,"33",NA,NA,NA,NA
2008,"34",NA,NA,NA,NA
2008,"35",NA,NA,NA,NA
2008,"36",NA,NA,NA,NA
2008,"37",NA,NA,NA,NA
2008,"38",NA,NA,NA,NA
2008,"39",NA,NA,NA,NA
2008,"40",NA,NA,NA,NA
2008,"41",NA,NA,NA,NA
2008,"42",NA,NA,NA,NA
2008,"44",NA,NA,NA,NA
2008,"45",NA,NA,NA,NA
2008,"46",NA,NA,NA,NA
2008,"47",NA,NA,NA,NA
2008,"48",NA,NA,NA,NA
2008,"49",NA,NA,NA,NA
2008,"50",NA,NA,NA,NA
2008,"51",NA,NA,NA,NA
2008,"53",NA,NA,NA,NA
2008,"54",NA,NA,NA,NA
2008,"55",NA,NA,NA,NA
2008,"56",NA,NA,NA,NA
2009,"01",621,29.3,4,0.3
2009,"02",949,27.1,11,0.5
2009,"04",836,30,4,0.3
2009,"05",600,29,4,0.3
2009,"06",1116,32.3,2,0.2
2009,"08",835,30.3,5,0.3
2009,"09",958,30.3,5,0.4
2009,"10",911,29.7,10,0.6
2009,"11",971,29.1,11,0.4
2009,"12",934,33.6,2,0.2
2009,"13",787,30,3,0.2
2009,"15",1221,32,14,0.5
2009,"16",674,27.9,6,0.5
2009,"17",813,29.9,3,0.2
2009,"18",671,29,4,0.3
2009,"19",607,27.1,4,0.2
2009,"20",652,27.5,5,0.3
2009,"21",584,28.2,3,0.3
2009,"22",674,30.6,4,0.4
2009,"23",688,29.5,7,0.3
2009,"24",1042,29.6,5,0.3
2009,"25",987,29.9,5,0.2
2009,"26",709,31.9,3,0.3
2009,"27",746,29.2,4,0.2
2009,"28",622,31.3,4,0.4
2009,"29",650,28.4,3,0.3
2009,"30",613,27.7,7,0.5
2009,"31",632,26.4,5,0.3
2009,"32",989,30.1,5,0.4
2009,"33",922,28.8,9,0.4
2009,"34",1059,30.4,4,0.2
2009,"35",659,29.1,5,0.4
2009,"36",945,30.5,2,0.3
2009,"37",702,29.1,2,0.2
2009,"38",535,25.3,7,0.5
2009,"39",665,29.4,2,0.1
2009,"40",614,28.2,3,0.3
2009,"41",775,30.2,3,0.3
2009,"42",716,28.8,2,0.1
2009,"44",866,29.7,9,0.4
2009,"45",680,29,4,0.2
2009,"46",554,25.6,6,0.4
2009,"47",658,29.1,3,0.3
2009,"48",761,29.4,2,0.2
2009,"49",760,27.9,5,0.3
2009,"50",781,30.5,9,0.6
2009,"51",931,28.7,4,0.2
2009,"53",853,29.3,3,0.2
2009,"54",534,28.7,4,0.3
2009,"55",700,28.3,3,0.2
2009,"56",637,24.2,10,0.5
2010,"01",644,30.1,4,0.3
2010,"02",972,27.5,9,0.5
2010,"04",856,30.5,4,0.3
2010,"05",617,29.4,4,0.3
2010,"06",1147,32.7,2,0.1
2010,"08",852,30.6,4,0.2
2010,"09",982,31,5,0.3
2010,"10",938,30.9,8,0.7
2010,"11",1063,29.6,13,0.4
2010,"12",957,34.2,2,0.2
2010,"13",808,30.7,3,0.3
2010,"15",1260,32.5,18,0.5
2010,"16",689,28.4,5,0.4
2010,"17",834,30.3,3,0.2
2010,"18",683,29.4,3,0.2
2010,"19",617,27.3,3,0.3
2010,"20",671,27.6,4,0.3
2010,"21",601,28.6,3,0.3
2010,"22",712,30.9,5,0.3
2010,"23",707,29.8,7,0.4
2010,"24",1091,30.1,6,0.3
2010,"25",1006,30.3,6,0.3
2010,"26",723,32.2,3,0.2
2010,"27",759,29.5,3,0.2
2010,"28",648,31.6,5,0.5
2010,"29",667,28.9,3,0.3
2010,"30",629,27.8,5,0.4
2010,"31",648,26.9,5,0.3
2010,"32",998,30.7,6,0.3
2010,"33",933,29.4,7,0.4
2010,"34",1092,30.9,4,0.2
2010,"35",683,29.1,6,0.4
2010,"36",977,30.9,3,0.2
2010,"37",718,29.5,3,0.2
2010,"38",555,25.7,6,0.6
2010,"39",678,29.8,2,0.2
2010,"40",633,28.3,3,0.3
2010,"41",795,30.6,4,0.4
2010,"42",739,29.3,3,0.1
2010,"44",882,30.1,9,0.5
2010,"45",701,29.6,4,0.3
2010,"46",574,25.9,7,0.4
2010,"47",678,29.7,3,0.2
2010,"48",786,29.5,2,0.1
2010,"49",781,28.2,5,0.3
2010,"50",809,30.8,10,0.5
2010,"51",970,29.2,4,0.2
2010,"53",882,29.6,4,0.2
2010,"54",549,29,5,0.4
2010,"55",713,28.7,3,0.3
2010,"56",666,24.4,10,0.6
2011,"01",674,30.7,4,0.4
2011,"02",1017,27.5,17,0.5
2011,"04",881,30.9,4,0.3
2011,"05",637,29.6,4,0.4
2011,"06",1185,33,3,0.2
2011,"08",883,30.7,4,0.2
2011,"09",1020,31.4,7,0.3
2011,"10",975,31.5,10,0.7
2011,"11",1135,29.7,11,0.4
2011,"12",981,34.8,2,0.2
2011,"13",835,31.3,3,0.3
2011,"15",1313,33.1,13,0.4
2011,"16",709,29.1,6,0.4
2011,"17",860,30.7,3,0.3
2011,"18",704,29.7,3,0.2
2011,"19",637,27.6,3,0.3
2011,"20",699,27.7,5,0.3
2011,"21",623,29,3,0.2
2011,"22",745,31.7,4,0.3
2011,"23",736,30.3,7,0.5
2011,"24",1139,30.7,4,0.3
2011,"25",1037,30.2,5,0.2
2011,"26",742,32.7,3,0.2
2011,"27",783,29.7,4,0.3
2011,"28",680,32,5,0.5
2011,"29",693,29.1,3,0.2
2011,"30",649,27.8,7,0.4
2011,"31",672,26.9,5,0.3
2011,"32",1011,30.8,8,0.4
2011,"33",956,29.5,7,0.4
2011,"34",1131,31.5,4,0.2
2011,"35",713,29.5,5,0.3
2011,"36",1025,31.3,3,0.2
2011,"37",744,30.1,3,0.3
2011,"38",584,25.6,7,0.6
2011,"39",697,30.1,2,0.2
2011,"40",659,28.5,4,0.2
2011,"41",830,31.3,4,0.3
2011,"42",770,29.7,2,0.2
2011,"44",901,30.5,9,0.5
2011,"45",728,30.3,3,0.4
2011,"46",595,26.1,8,0.5
2011,"47",707,30.2,4,0.3
2011,"48",814,29.6,2,0.1
2011,"49",813,28.7,6,0.3
2011,"50",843,30.9,10,0.6
2011,"51",1024,29.6,6,0.2
2011,"53",923,29.8,4,0.2
2011,"54",574,29.1,5,0.4
2011,"55",735,28.9,3,0.2
2011,"56",708,24.5,12,0.4
2012,"01",691,30.9,4,0.4
2012,"02",1065,27.9,14,0.4
2012,"04",891,31,4,0.3
2012,"05",649,29.7,4,0.3
2012,"06",1209,33.5,3,0.1
2012,"08",915,30.8,5,0.3
2012,"09",1044,31.8,5,0.4
2012,"10",985,31.1,10,0.6
2012,"11",1200,29.6,13,0.4
2012,"12",987,35,2,0.2
2012,"13",849,31.7,3,0.3
2012,"15",1354,33.3,14,0.4
2012,"16",720,29.6,6,0.4
2012,"17",877,30.8,3,0.2
2012,"18",719,29.9,3,0.2
2012,"19",655,27.8,4,0.3
2012,"20",715,27.9,4,0.2
2012,"21",638,29.3,4,0.3
2012,"22",762,31.8,4,0.3
2012,"23",750,30.8,6,0.4
2012,"24",1172,31,5,0.2
2012,"25",1056,30.1,5,0.2
2012,"26",755,32.9,3,0.3
2012,"27",802,29.8,4,0.2
2012,"28",688,32.3,5,0.4
2012,"29",712,29.4,3,0.2
2012,"30",667,28.3,7,0.4
2012,"31",687,27,4,0.3
2012,"32",1001,31,6,0.3
2012,"33",972,29.7,7,0.4
2012,"34",1154,31.8,3,0.2
2012,"35",736,29.8,5,0.4
2012,"36",1061,31.6,3,0.1
2012,"37",759,30.3,3,0.3
2012,"38",610,24.9,7,0.5
2012,"39",710,30.2,3,0.2
2012,"40",679,28.7,3,0.2
2012,"41",854,31.8,4,0.3
2012,"42",794,29.9,3,0.2
2012,"44",908,30.5,8,0.5
2012,"45",749,31.1,4,0.4
2012,"46",617,26,6,0.4
2012,"47",726,30.6,3,0.3
2012,"48",834,29.7,2,0.2
2012,"49",839,29.2,5,0.3
2012,"50",864,31.1,10,0.5
2012,"51",1060,29.9,5,0.2
2012,"53",951,30,4,0.3
2012,"54",594,29.3,5,0.5
2012,"55",749,29.2,3,0.2
2012,"56",733,25.7,11,0.7
2013,"01",705,31.1,3,0.4
2013,"02",1098,27.8,13,0.4
2013,"04",896,30.8,4,0.3
2013,"05",661,29.7,4,0.3
2013,"06",1224,33.7,2,0.1
2013,"08",939,30.9,4,0.2
2013,"09",1056,31.8,5,0.3
2013,"10",999,31.2,11,0.5
2013,"11",1242,29.9,15,0.4
2013,"12",990,34.9,3,0.2
2013,"13",860,31.9,3,0.2
2013,"15",1380,33.3,13,0.5
2013,"16",728,29.8,6,0.5
2013,"17",890,30.8,2,0.2
2013,"18",730,30.1,3,0.3
2013,"19",670,27.8,4,0.2
2013,"20",732,28.1,4,0.3
2013,"21",655,29.3,3,0.3
2013,"22",773,31.8,4,0.3
2013,"23",764,31.1,7,0.4
2013,"24",1196,31,4,0.3
2013,"25",1069,30.2,5,0.3
2013,"26",768,32.7,3,0.2
2013,"27",819,29.7,3,0.2
2013,"28",702,32.1,4,0.3
2013,"29",727,29.7,3,0.3
2013,"30",682,28.5,8,0.4
2013,"31",706,27.2,5,0.3
2013,"32",986,31,4,0.4
2013,"33",987,29.8,8,0.4
2013,"34",1172,32.2,3,0.2
2013,"35",758,30.2,6,0.5
2013,"36",1088,31.9,3,0.2
2013,"37",776,30.6,2,0.2
2013,"38",645,25.3,8,0.5
2013,"39",718,30.1,2,0.2
2013,"40",699,28.7,4,0.3
2013,"41",875,32.2,4,0.3
2013,"42",813,30.1,3,0.2
2013,"44",918,30.6,8,0.4
2013,"45",768,31.5,4,0.3
2013,"46",632,26.3,6,0.5
2013,"47",742,30.9,3,0.3
2013,"48",851,29.6,2,0.1
2013,"49",856,29.5,6,0.3
2013,"50",875,31.1,8,0.6
2013,"51",1087,30.1,4,0.2
2013,"53",973,30.4,4,0.3
2013,"54",611,29.2,6,0.4
2013,"55",759,29.3,3,0.2
2013,"56",764,25.8,12,0.6
2014,"01",715,30.9,4,0.3
2014,"02",1131,28.3,11,0.5
2014,"04",905,30.5,5,0.2
2014,"05",675,29.6,4,0.3
2014,"06",1243,33.8,2,0.1
2014,"08",969,30.8,5,0.3
2014,"09",1069,31.9,5,0.3
2014,"10",1012,30.6,12,0.7
2014,"11",1302,29.6,16,0.4
2014,"12",998,34.7,3,0.1
2014,"13",874,31.8,3,0.2
2014,"15",1417,33.5,13,0.4
2014,"16",738,29.7,6,0.4
2014,"17",903,30.7,2,0.2
2014,"18",741,30.1,3,0.3
2014,"19",689,27.7,4,0.4
2014,"20",748,28.2,4,0.3
2014,"21",667,29.5,4,0.2
2014,"22",786,32,4,0.4
2014,"23",772,31,6,0.4
2014,"24",1218,30.9,5,0.2
2014,"25",1088,30.3,4,0.2
2014,"26",780,32.3,3,0.2
2014,"27",835,29.6,3,0.2
2014,"28",714,32,4,0.3
2014,"29",740,29.8,3,0.2
2014,"30",696,28.6,8,0.4
2014,"31",721,27.2,5,0.3
2014,"32",980,30.5,4,0.4
2014,"33",1001,29.8,9,0.4
2014,"34",1188,32.2,3,0.2
2014,"35",774,30.5,7,0.5
2014,"36",1117,32.1,3,0.1
2014,"37",790,30.6,2,0.3
2014,"38",676,25.3,7,0.4
2014,"39",729,29.9,3,0.1
2014,"40",717,28.5,3,0.2
2014,"41",894,32.5,4,0.3
2014,"42",832,30.4,2,0.2
2014,"44",923,30.9,7,0.5
2014,"45",784,31.6,4,0.3
2014,"46",648,26.2,6,0.5
2014,"47",757,30.9,3,0.3
2014,"48",870,29.5,3,0.2
2014,"49",875,29.4,5,0.4
2014,"50",889,31.2,9,0.6
2014,"51",1108,30,5,0.3
2014,"53",995,30.3,4,0.2
2014,"54",630,29.1,5,0.5
2014,"55",772,29.3,3,0.2
2014,"56",778,25.7,13,0.6
2015,"01",717,30.5,3,0.3
2015,"02",1146,28.2,10,0.6
2015,"04",913,30.1,5,0.3
2015,"05",677,29.5,4,0.3
2015,"06",1255,33.7,2,0.2
2015,"08",1002,30.6,5,0.3
2015,"09",1075,31.7,6,0.3
2015,"10",1018,29.9,11,0.5
2015,"11",1327,29.5,17,0.4
2015,"12",1002,34.4,3,0.2
2015,"13",879,31.3,3,0.2
2015,"15",1438,33.4,16,0.5
2015,"16",743,29.4,6,0.4
2015,"17",907,30.3,3,0.2
2015,"18",745,29.8,3,0.2
2015,"19",697,27.5,4,0.3
2015,"20",757,27.9,5,0.2
2015,"21",675,29.3,3,0.3
2015,"22",788,32,4,0.3
2015,"23",777,30.9,6,0.6
2015,"24",1230,30.8,5,0.2
2015,"25",1102,30.3,4,0.2
2015,"26",783,31.7,3,0.3
2015,"27",848,29.2,4,0.2
2015,"28",717,31.7,6,0.4
2015,"29",746,29.4,3,0.2
2015,"30",711,28.6,6,0.5
2015,"31",726,27,4,0.3
2015,"32",973,30.1,5,0.4
2015,"33",1000,29.5,9,0.4
2015,"34",1192,32.1,3,0.2
2015,"35",777,30.7,6,0.5
2015,"36",1132,32.2,3,0.2
2015,"37",797,30.3,2,0.2
2015,"38",709,24.9,8,0.5
2015,"39",730,29.5,3,0.2
2015,"40",727,28.3,3,0.2
2015,"41",907,32.1,4,0.3
2015,"42",840,30.3,3,0.2
2015,"44",925,30.6,7,0.5
2015,"45",790,31.1,4,0.3
2015,"46",655,26,7,0.4
2015,"47",764,30.3,3,0.3
2015,"48",882,29.3,2,0.1
2015,"49",887,29,6,0.3
2015,"50",895,30.9,9,0.6
2015,"51",1116,29.9,4,0.2
2015,"53",1014,30,5,0.2
2015,"54",643,28.9,6,0.5
2015,"55",776,28.9,3,0.3
2015,"56",789,25.6,11,0.6
2016,"01",728,29.9,4,0.3
2016,"02",1173,28.2,11,0.5
2016,"04",937,29.8,4,0.2
2016,"05",689,28.8,4,0.3
2016,"06",1297,33.4,2,0.1
2016,"08",1057,30.6,4,0.3
2016,"09",1094,31.3,5,0.3
2016,"10",1039,29.8,10,0.6
2016,"11",1362,29.4,15,0.4
2016,"12",1032,33.9,3,0.2
2016,"13",897,30.7,3,0.2
2016,"15",1456,33.1,14,0.4
2016,"16",764,28.9,8,0.4
2016,"17",925,29.8,3,0.1
2016,"18",758,29.3,3,0.2
2016,"19",715,27.3,4,0.3
2016,"20",775,27.7,4,0.2
2016,"21",690,28.7,3,0.3
2016,"22",800,31.8,4,0.4
2016,"23",790,30.2,6,0.5
2016,"24",1264,30.3,5,0.3
2016,"25",1129,30.1,4,0.2
2016,"26",799,31,3,0.2
2016,"27",873,28.9,4,0.2
2016,"28",723,30.9,5,0.4
2016,"29",759,28.9,4,0.2
2016,"30",732,28.3,6,0.4
2016,"31",745,27,5,0.3
2016,"32",984,29.9,4,0.3
2016,"33",1021,29,10,0.3
2016,"34",1213,31.8,4,0.2
2016,"35",792,30.1,6,0.4
2016,"36",1159,32,3,0.2
2016,"37",816,29.7,3,0.2
2016,"38",736,24.7,7,0.5
2016,"39",743,29,2,0.2
2016,"40",742,27.8,3,0.2
2016,"41",941,31.6,4,0.3
2016,"42",859,29.8,2,0.2
2016,"44",938,30.4,7,0.6
2016,"45",811,30.5,4,0.3
2016,"46",676,26,7,0.5
2016,"47",782,29.8,3,0.2
2016,"48",911,29.1,2,0.1
2016,"49",912,28.5,6,0.3
2016,"50",913,30.5,12,0.6
2016,"51",1135,29.8,4,0.2
2016,"53",1056,29.8,4,0.2
2016,"54",658,28.8,6,0.4
2016,"55",789,28.6,2,0.2
2016,"56",802,25.8,12,0.6
2017,"01",747,29.7,3,0.3
2017,"02",1200,28.1,13,0.5
2017,"04",972,29.5,4,0.2
2017,"05",709,28.4,5,0.3
2017,"06",1358,33.1,3,0.1
2017,"08",1125,30.6,5,0.2
2017,"09",1123,31.2,5,0.3
2017,"10",1076,29.7,10,0.6
2017,"11",1424,29.2,17,0.4
2017,"12",1077,33.6,3,0.2
2017,"13",927,30.2,3,0.2
2017,"15",1507,33.2,18,0.4
2017,"16",792,28.6,7,0.4
2017,"17",952,29.6,3,0.2
2017,"18",782,29,3,0.2
2017,"19",740,27.1,4,0.3
2017,"20",801,27.6,5,0.3
2017,"21",713,28.3,4,0.2
2017,"22",825,32.1,4,0.3
2017,"23",808,29.7,7,0.4
2017,"24",1311,30.2,5,0.3
2017,"25",1173,30.1,5,0.2
2017,"26",824,30.3,3,0.2
2017,"27",906,28.8,4,0.2
2017,"28",740,30.1,5,0.4
2017,"29",784,28.4,4,0.2
2017,"30",751,28.1,9,0.4
2017,"31",773,26.6,4,0.3
2017,"32",1017,29.5,6,0.2
2017,"33",1052,28.8,9,0.4
2017,"34",1249,31.5,4,0.2
2017,"35",809,30,6,0.4
2017,"36",1194,31.9,3,0.1
2017,"37",844,29.4,3,0.2
2017,"38",775,24.9,9,0.4
2017,"39",764,28.6,2,0.2
2017,"40",766,27.6,3,0.2
2017,"41",988,31.3,4,0.3
2017,"42",885,29.6,3,0.1
2017,"44",957,29.9,6,0.5
2017,"45",836,30.3,4,0.3
2017,"46",696,25.8,7,0.5
2017,"47",808,29.4,4,0.3
2017,"48",952,29.1,2,0.2
2017,"49",948,28,6,0.3
2017,"50",945,30.6,11,0.6
2017,"51",1166,29.5,5,0.2
2017,"53",1120,29.6,4,0.2
2017,"54",681,28.7,6,0.4
2017,"55",813,28.1,3,0.2
2017,"56",828,26,11,0.6
2018,"01",772,29.5,4,0.2
2018,"02",1231,28.2,13,0.5
2018,"04",1009,29.3,4,0.3
2018,"05",729,28.2,4,0.3
2018,"06",1429,32.8,2,0.2
2018,"08",1196,30.5,5,0.3
2018,"09",1156,31.2,5,0.4
2018,"10",1110,29.7,9,0.5
2018,"11",1487,28.8,16,0.4
2018,"12",1128,33.5,3,0.2
2018,"13",968,29.9,3,0.2
2018,"15",1566,33,14,0.4
2018,"16",825,28.4,6,0.4
2018,"17",984,29.5,3,0.2
2018,"18",807,28.9,4,0.2
2018,"19",766,27,5,0.2
2018,"20",831,27.5,5,0.3
2018,"21",741,28.1,4,0.3
2018,"22",850,32.5,4,0.4
2018,"23",831,29.3,8,0.3
2018,"24",1357,30.1,4,0.3
2018,"25",1225,30,6,0.2
2018,"26",850,29.8,2,0.2
2018,"27",944,28.6,4,0.2
2018,"28",762,30.1,5,0.4
2018,"29",809,28.2,4,0.2
2018,"30",783,27.8,8,0.4
2018,"31",805,26.4,5,0.3
2018,"32",1060,29.6,5,0.3
2018,"33",1077,28.8,8,0.4
2018,"34",1295,31.2,4,0.2
2018,"35",828,29.7,6,0.4
2018,"36",1240,31.7,3,0.1
2018,"37",877,29.3,3,0.2
2018,"38",806,24.6,7,0.4
2018,"39",788,28.2,2,0.1
2018,"40",793,27.5,3,0.2
2018,"41",1050,30.9,5,0.3
2018,"42",915,29.3,3,0.2
2018,"44",981,29.6,9,0.4
2018,"45",868,29.9,5,0.3
2018,"46",722,25.7,9,0.5
2018,"47",841,29.2,3,0.2
2018,"48",998,29.1,2,0.1
2018,"49",988,27.9,6,0.3
2018,"50",972,29.9,12,0.5
2018,"51",1202,29.4,5,0.2
2018,"53",1194,29.3,5,0.2
2018,"54",711,28.9,6,0.4
2018,"55",837,27.8,3,0.2
2018,"56",843,26.1,15,0.7
2019,"01",792,29,5,0.3
2019,"02",1244,27.7,13,0.5
2019,"04",1052,29.1,4,0.2
2019,"05",745,27.8,4,0.3
2019,"06",1503,32.5,4,0.1
2019,"08",1271,30.5,6,0.3
2019,"09",1180,30.9,6,0.3
2019,"10",1130,29.6,8,0.5
2019,"11",1541,28.5,19,0.3
2019,"12",1175,33.3,4,0.2
2019,"13",1006,29.6,4,0.2
2019,"15",1617,32.5,18,0.5
2019,"16",853,28.3,7,0.5
2019,"17",1010,29.1,4,0.1
2019,"18",826,28.6,3,0.2
2019,"19",789,26.9,4,0.3
2019,"20",850,27.2,4,0.3
2019,"21",763,27.6,4,0.2
2019,"22",866,32.5,4,0.4
2019,"23",853,28.8,8,0.3
2019,"24",1392,29.9,5,0.2
2019,"25",1282,29.8,6,0.2
2019,"26",871,29.5,3,0.2
2019,"27",977,28.3,4,0.2
2019,"28",780,29.7,5,0.4
2019,"29",830,27.9,4,0.3
2019,"30",810,27.7,10,0.4
2019,"31",833,26.4,5,0.3
2019,"32",1107,29.8,5,0.3
2019,"33",1111,28.6,9,0.4
2019,"34",1334,30.8,5,0.2
2019,"35",844,29.3,6,0.4
2019,"36",1280,31.2,3,0.2
2019,"37",907,28.9,4,0.2
2019,"38",826,24.4,8,0.4
2019,"39",808,27.8,3,0.2
2019,"40",810,27.4,4,0.2
2019,"41",1110,30.3,5,0.3
2019,"42",938,29,3,0.2
2019,"44",1004,29.1,10,0.3
2019,"45",894,29.6,5,0.3
2019,"46",747,25.5,8,0.5
2019,"47",869,28.9,3,0.2
2019,"48",1045,29.1,3,0.2
2019,"49",1037,27.7,8,0.3
2019,"50",985,30.3,12,0.6
2019,"51",1234,29.1,5,0.2
2019,"53",1258,29.1,6,0.2
2019,"54",725,28.8,5,0.5
2019,"55",856,27.4,2,0.2
2019,"56",855,26.4,13,0.7
2020,"01",811,28.8,5,0.3
2020,"02",1240,27.5,16,0.5
2020,"04",1097,29,5,0.3
2020,"05",760,27.2,5,0.3
2020,"06",1586,32.2,4,0.1
2020,"08",1335,30.6,6,0.3
2020,"09",1201,30.8,6,0.4
2020,"10",1150,29.7,11,0.7
2020,"11",1607,28.2,24,0.4
2020,"12",1218,33.3,3,0.2
2020,"13",1042,29.6,4,0.2
2020,"15",1651,32.5,16,0.5
2020,"16",887,27.9,9,0.4
2020,"17",1038,28.7,4,0.2
2020,"18",844,28.3,3,0.2
2020,"19",806,26.7,6,0.3
2020,"20",863,27,6,0.3
2020,"21",783,27.1,4,0.2
2020,"22",876,32.3,5,0.4
2020,"23",873,28.6,7,0.3
2020,"24",1415,29.7,6,0.2
2020,"25",1336,29.6,7,0.2
2020,"26",892,29.3,4,0.2
2020,"27",1010,28.2,7,0.2
2020,"28",789,29.6,7,0.4
2020,"29",843,27.6,3,0.2
2020,"30",836,27.7,13,0.4
2020,"31",857,26.3,5,0.4
2020,"32",1159,30,5,0.3
2020,"33",1145,28.6,10,0.4
2020,"34",1368,30.3,5,0.3
2020,"35",857,29.3,9,0.4
2020,"36",1315,30.8,5,0.1
2020,"37",932,28.6,4,0.2
2020,"38",828,24.4,9,0.5
2020,"39",825,27.5,3,0.2
2020,"40",818,27.2,4,0.3
2020,"41",1173,30.3,5,0.3
2020,"42",958,28.6,3,0.2
2020,"44",1031,29,12,0.4
2020,"45",918,29.7,6,0.4
2020,"46",761,25.2,11,0.5
2020,"47",897,28.8,4,0.2
2020,"48",1082,29.1,3,0.2
2020,"49",1090,27.8,7,0.4
2020,"50",999,29.8,15,0.6
2020,"51",1257,28.8,7,0.2
2020,"53",1337,29.1,6,0.2
2020,"54",732,28.9,8,0.5
2020,"55",872,27,4,0.2
2020,"56",853,26.3,12,0.6
2021,"01",852,28.9,5,0.3
2021,"02",1279,28.1,21,0.6
2021,"04",1172,29.3,5,0.3
2021,"05",803,27.4,7,0.3
2021,"06",1698,32.2,3,0.2
2021,"08",1437,30.8,8,0.3
2021,"09",1260,30.7,9,0.3
2021,"10",1199,29.6,11,0.6
2021,"11",1681,28.4,18,0.4
2021,"12",1301,33.5,4,0.2
2021,"13",1110,29.9,4,0.2
2021,"15",1755,32.7,16,0.5
2021,"16",952,27.9,9,0.5
2021,"17",1097,28.7,4,0.2
2021,"18",891,28.4,4,0.2
2021,"19",845,26.9,4,0.3
2021,"20",912,27,5,0.3
2021,"21",826,27.3,5,0.3
2021,"22",923,32.3,5,0.4
2021,"23",927,28.7,9,0.4
2021,"24",1485,30,7,0.3
2021,"25",1429,29.7,9,0.2
2021,"26",946,29.3,4,0.2
2021,"27",1081,28.4,5,0.2
2021,"28",830,29.9,6,0.4
2021,"29",886,27.7,4,0.3
2021,"30",886,27.6,9,0.4
2021,"31",909,26.6,6,0.3
2021,"32",1238,30.7,7,0.4
2021,"33",1212,28.6,12,0.5
2021,"34",1436,30.3,5,0.2
2021,"35",897,29.4,9,0.4
2021,"36",1390,30.9,4,0.2
2021,"37",988,28.8,4,0.2
2021,"38",853,24.6,8,0.5
2021,"39",870,27.4,3,0.2
2021,"40",862,27.4,3,0.3
2021,"41",1250,30.3,7,0.3
2021,"42",1013,28.7,5,0.2
2021,"44",1097,28.9,12,0.4
2021,"45",970,30,6,0.3
2021,"46",809,25.1,10,0.6
2021,"47",951,28.9,5,0.2
2021,"48",1146,29.5,3,0.2
2021,"49",1171,28.1,8,0.3
2021,"50",1070,30.1,18,0.7
2021,"51",1326,28.9,5,0.2
2021,"53",1439,29.3,6,0.2
2021,"54",770,29.2,8,0.5
2021,"55",916,26.8,3,0.2
2021,"56",878,26.9,14,0.7
2022,"01",925,29.2,6,0.3
2022,"02",1345,27.8,17,0.6
2022,"04",1308,29.6,7,0.2
2022,"05",868,27.5,5,0.4
2022,"06",1856,32.3,4,0.2
2022,"08",1594,31,8,0.3
2022,"09",1374,30.7,9,0.4
2022,"10",1286,29.6,17,0.6
2022,"11",1817,28.5,19,0.5
2022,"12",1444,33.9,4,0.2
2022,"13",1221,30.2,5,0.3
2022,"15",1868,32.9,19,0.5
2022,"16",1061,28.1,11,0.5
2022,"17",1179,28.8,4,0.2
2022,"18",967,28.7,4,0.3
2022,"19",914,27.2,6,0.3
2022,"20",986,27.1,7,0.3
2022,"21",902,27.6,6,0.3
2022,"22",996,32.3,6,0.4
2022,"23",1009,28.8,15,0.4
2022,"24",1598,30.2,7,0.3
2022,"25",1588,30.1,9,0.2
2022,"26",1037,29.6,4,0.2
2022,"27",1178,28.7,5,0.2
2022,"28",896,30.2,7,0.4
2022,"29",957,27.9,4,0.2
2022,"30",974,27.7,13,0.5
2022,"31",987,27.2,7,0.4
2022,"32",1382,31.5,7,0.3
2022,"33",1336,28.8,15,0.3
2022,"34",1577,30.4,6,0.3
2022,"35",966,29.7,10,0.5
2022,"36",1507,30.9,6,0.2
2022,"37",1093,29,4,0.2
2022,"38",912,24.4,13,0.5
2022,"39",945,27.7,3,0.2
2022,"40",934,27.7,5,0.3
2022,"41",1373,30.5,7,0.3
2022,"42",1110,28.8,5,0.2
2022,"44",1195,29,13,0.5
2022,"45",1065,30.2,6,0.4
2022,"46",878,25.4,8,0.6
2022,"47",1047,29.1,7,0.3
2022,"48",1251,29.9,4,0.2
2022,"49",1302,28.4,10,0.3
2022,"50",1149,30.3,17,0.6
2022,"51",1440,29.1,7,0.2
2022,"53",1592,29.5,8,0.2
2022,"54",831,29.5,9,0.5
2022,"55",992,27,4,0.2
2022,"56",933,27,15,0.8
2023,"01",963,29.4,7,0.3
2023,"02",1388,28.2,20,0.7
2023,"04",1431,30.2,8,0.3
2023,"05",914,27.6,7,0.4
2023,"06",1956,32.5,5,0.1
2023,"08",1693,31.1,7,0.3
2023,"09",1431,30.7,8,0.4
2023,"10",1341,29.6,17,0.6
2023,"11",1900,28.5,24,0.5
2023,"12",1564,34.5,6,0.2
2023,"13",1306,30.8,6,0.3
2023,"15",1938,33.1,19,0.4
2023,"16",1150,28.4,13,0.4
2023,"17",1227,28.8,5,0.2
2023,"18",1020,28.9,5,0.3
2023,"19",949,27.2,5,0.3
2023,"20",1029,27,6,0.3
2023,"21",933,27.8,5,0.3
2023,"22",1038,32.3,7,0.4
2023,"23",1084,28.9,12,0.4
2023,"24",1662,30.6,7,0.3
2023,"25",1687,30.5,9,0.2
2023,"26",1084,29.8,5,0.2
2023,"27",1235,28.9,7,0.2
2023,"28",923,30.3,7,0.5
2023,"29",996,27.9,5,0.3
2023,"30",1031,28,13,0.4
2023,"31",1035,27.4,7,0.3
2023,"32",1489,32.3,9,0.4
2023,"33",1423,29.2,16,0.4
2023,"34",1653,30.4,6,0.3
2023,"35",1021,29.8,12,0.4
2023,"36",1576,30.9,6,0.3
2023,"37",1162,29,4,0.3
2023,"38",934,24.8,11,0.5
2023,"39",988,28,3,0.2
2023,"40",980,28.1,5,0.2
2023,"41",1450,30.9,7,0.3
2023,"42",1162,29,4,0.2
2023,"44",1273,29,19,0.5
2023,"45",1126,30.5,7,0.4
2023,"46",912,25.3,10,0.6
2023,"47",1122,29.2,7,0.2
2023,"48",1339,30.4,4,0.2
2023,"49",1405,28.5,10,0.3
2023,"50",1193,30.3,16,0.7
2023,"51",1514,29.2,8,0.2
2023,"53",1682,29.7,9,0.2
2023,"54",850,29.3,9,0.5
2023,"55",1045,26.9,4,0.3
2023,"56",968,27.2,16,0.7
2024,"02",NA,NA,NA,NA
2024,"01",NA,NA,NA,NA
2024,"05",NA,NA,NA,NA
2024,"04",NA,NA,NA,NA
2024,"06",NA,NA,NA,NA
2024,"08",NA,NA,NA,NA
2024,"09",NA,NA,NA,NA
2024,"11",NA,NA,NA,NA
2024,"10",NA,NA,NA,NA
2024,"12",NA,NA,NA,NA
2024,"13",NA,NA,NA,NA
2024,"15",NA,NA,NA,NA
2024,"19",NA,NA,NA,NA
2024,"16",NA,NA,NA,NA
2024,"17",NA,NA,NA,NA
2024,"18",NA,NA,NA,NA
2024,"20",NA,NA,NA,NA
2024,"21",NA,NA,NA,NA
2024,"22",NA,NA,NA,NA
2024,"25",NA,NA,NA,NA
2024,"24",NA,NA,NA,NA
2024,"23",NA,NA,NA,NA
2024,"26",NA,NA,NA,NA
2024,"27",NA,NA,NA,NA
2024,"29",NA,NA,NA,NA
2024,"28",NA,NA,NA,NA
2024,"30",NA,NA,NA,NA
2024,"37",NA,NA,NA,NA
2024,"38",NA,NA,NA,NA
2024,"31",NA,NA,NA,NA
2024,"33",NA,NA,NA,NA
2024,"34",NA,NA,NA,NA
2024,"35",NA,NA,NA,NA
2024,"32",NA,NA,NA,NA
2024,"36",NA,NA,NA,NA
2024,"39",NA,NA,NA,NA
2024,"40",NA,NA,NA,NA
2024,"41",NA,NA,NA,NA
2024,"42",NA,NA,NA,NA
2024,"44",NA,NA,NA,NA
2024,"45",NA,NA,NA,NA
2024,"46",NA,NA,NA,NA
2024,"47",NA,NA,NA,NA
2024,"48",NA,NA,NA,NA
2024,"49",NA,NA,NA,NA
2024,"51",NA,NA,NA,NA
2024,"50",NA,NA,NA,NA
2024,"53",NA,NA,NA,NA
2024,"55",NA,NA,NA,NA
2024,"54",NA,NA,NA,NA
2024,"56",NA,NA,NA,NA
